ID,Green,Open/Closed/Fallen,Age(1-4),Damage(0-3),Counted,Day,Comments
PB0337,1,C,,,,54,
PB0337,1,C,,,,55,
PB0337,1,O,1,0,Y,56,
PB0337,1,O,1,0,Y,57,
PB0337,1,F,,,,58,
PB0337,1,F,,,,59,
PB0337,1,F,,,,60,
PB0337,1,F,,,,61,
PB0337,1,FR,,,,62,
PB0337,1,FR,,,,63,
PB1821,1,C,,,,52,
PB1821,1,O,1,0,Y,53,
PB1821,1,O,1,0,Y,54,
PB1821,1,O,1,0,Y,55,
PB1821,1,O,2,0,Y,56,
PB1821,1,O,4,0,N,57,
PB1821,1,O,4,0,N,58,
PB1821,1,O,4,0,N,59,
PB1821,1,O,4,0,N,60,
PB1821,1,O,4,0,N,61,
PB1821,1,O,4,0,N,62,
PB1821,1,O,4,0,N,63,
PC0118,1,O,1,1,Y,48,
PC0118,1,O,1,2,Y,50,ROBBED BEE
PC0118,1,O,2,2,Y,51,
PC0118,1,O,2,2,Y,52,
PC0118,1,O,3,0,N,53,
PC0118,1,O,4,0,N,54,
PC0118,1,O,4,0,N,55,
PC0118,1,O,4,0,N,56,
PC0118,1,O,4,0,N,57,
PC0118,1,O,4,0,N,58,
PC0118,1,O,4,0,N,59,
PC0118,1,O,4,0,N,60,
PC0118,1,O,4,0,N,61,
PC0118,1,O,4,0,N,62,
PC0118,1,O,4,0,N,63,
PB0408,2,C,NA,0,N,48,
PB0408,2,O,1,0,Y,49,
PB0408,2,O,1,0,Y,50,
PB0408,2,F,NA,NA,NA,51,
PB0408,2,F,,,,52,
PB0408,2,F,,,,53,
PB0408,2,F,,,,54,
PB0408,2,F,,,,55,
PB0408,2,F,,,,56,
PB0408,2,F,,,,57,
PB0408,2,F,,,,58,
PB0408,2,F,,,,59,
PB0408,2,F,,,,60,
PB0408,2,F,,,,61,
PB0408,2,F,,,,62,
PB0408,2,F,,,,63,
PC0003,2,O,1,0,Y,54,
PC0003,2,O,2,0,Y,55,
PC0003,2,O,2,0,Y,56,
PC0003,2,O,3,0,N,57,
PC0003,2,O,4,0,N,58,
PC0003,2,O,4,0,N,59,
PC0003,2,O,4,0,N,60,
PC0003,2,O,4,0,N,61,
PC0003,2,O,4,0,N,62,
PC0003,2,O,4,0,N,63,
PC0211,2,O,1,0,Y,48,
PC0211,2,O,1,1,Y,49,
PC0211,2,O,1,1,Y,50,
PC0211,2,O,1,1,Y,51,
PC0211,2,O,2,1,Y,52,
PC0211,2,O,3,0,N,53,
PC0211,2,F,,,,54,
PC0211,2,F,,,,55,
PC0211,2,F,,,,56,
PC0211,2,F,,,,57,
PC0211,2,F,,,,58,
PC0211,2,F,,,,59,
PC0211,2,F,,,,60,
PC0211,2,F,,,,61,
PC0211,2,F,,,,62,
PC0211,2,F,,,,63,
PA2495,3,C,NA,0,N,48,
PA2495,3,C,NA,0,N,49,
PA2495,3,O,1,0,Y,50,
PA2495,3,O,1,0,Y,51,
PA2495,3,F,,,,52,
PA2495,3,F,,,,53,
PA2495,3,F,,,,54,
PA2495,3,F,,,,55,
PA2495,3,F,,,,56,
PA2495,3,FR,,,,57,
PA2495,3,F,,,,58,
PA2495,3,FR,,,,59,
PA2495,3,F,,,,60,
PA2495,3,F,,,,61,
PA2495,3,F,,,,62,
PA2495,3,F,,,,63,
PB0391,3,O,1,0,Y,50,
PB0391,3,O,1,0,Y,51,
PB0391,3,O,1,0,Y,52,
PB0391,3,O,1,0,Y,53,
PB0391,3,O,1,0,Y,53,
PB0391,3,F,,,,54,
PB0391,3,F,,,,55,
PB0391,3,FR,,,,56,
PB0391,3,FR,,,,57,
PB0391,3,FR,,,,58,
PB0391,3,FR,,,,59,
PB0391,3,FR,,,,60,
PB0391,3,FR,,,,61,
PB0391,3,FR,,,,62,
PB0391,3,FR,,,,63,
PB0351,4,C,NA,0,N,49,
PB0351,4,O,1,0,Y,50,
PB0351,4,O,1,0,Y,51,
PB0351,4,O,1,0,Y,52,
PB0351,4,O,3,0,N,53,
PB0351,4,F,,,,54,
PB0351,4,F,,,,55,
PB0351,4,FR,,,,56,
PB0351,4,FR,,,,57,
PB0351,4,FR,,,,58,
PB0351,4,FR,,,,59,
PB0351,4,FR,,,,60,
PB0351,4,FR,,,,61,
PB0351,4,FR,,,,62,
PB0351,4,FR,,,,63,
PB4713,4,C,NA,0,N,48,
PB4713,4,O,1,0,Y,49,
PB4713,4,O,1,0,Y,50,
PB4713,4,F,NA,NA,NA,51,
PB4713,4,F,,,,52,
PB4713,4,F,,,,53,
PB4713,4,F,,,,54,
PB4713,4,F,,,,55,
PB4713,4,F,,,,56,
PB4713,4,FR,,,,57,
PB4713,4,FR,,,,58,
PB4713,4,FR,,,,59,
PB4713,4,FR,,,,60,
PB4713,4,FR,,,,61,
PB4713,4,FR,,,,62,
PB4713,4,FR,,,,63,
PC0046,4,O,1,0,Y,48,
PC0046,4,O,1,0,Y,49,
PC0046,4,O,1,0,Y,50,
PC0046,4,F,NA,NA,NA,51,
PC0046,4,F,,,,52,
PC0046,4,F,,,,53,
PC0046,4,F,,,,54,
PC0046,4,F,,,,55,
PC0046,4,F,,,,56,
PC0046,4,FR,,,,57,
PC0046,4,FR,,,,58,
PC0046,4,FR,,,,59,
PC0046,4,FR,,,,60,
PC0046,4,FR,,,,61,
PC0046,4,FR,,,,62,
PC0046,4,FR,,,,63,
PC1922,4,O,1,0,Y,54,
PC1922,4,O,1,0,Y,55,
PC1922,4,O,1,0,Y,56,
PC1922,4,F,,,,57,
PC1922,4,F,,,,58,
PC1922,4,F,,,,59,
PC1922,4,F,,,,60,
PC1922,4,FR,,,,61,
PC1922,4,FFR,,,,62,
PC1922,4,FR,,,,63,
PB0391,5,C,NA,0,N,48,
PB0391,5,O,1,0,Y,49,
PB0391,5,O,1,0,Y,50,
PB0391,5,O,1,0,Y,51,
PB0391,5,O,1,0,Y,52,
PB0391,5,O,1,0,Y,53,
PB0391,5,F,,,,54,
PB0391,5,F,,,,55,
PB0391,5,F,,,,56,
PB0391,5,F,,,,57,
PB0391,5,F,,,,58,
PB0391,5,F,,,,59,
PB0391,5,F,,,,60,
PB0391,5,F,,,,61,
PB0391,5,F,,,,62,
PB0391,5,F,,,,63,
PB0427,5,C,,,,54,
PB0427,5,C,,,,55,
PB0427,5,O,1,0,Y,56,
PB0427,5,O,1,0,Y,57,
PB0427,5,O,1,0,Y,58,
PB0427,5,F,,,,59,
PB0427,5,F,,,,60,
PB0427,5,F,,,,61,
PB0427,5,F,,,,62,
PB0427,5,F,,,,63,
PB0458,6,C,,,,54,
PB0458,6,O,1,0,Y,55,
PB0458,6,O,1,0,Y,56,
PB0458,6,O,3,0,N,57,
PB0458,6,F,,,,58,
PB0458,6,F,,,,59,
PB0458,6,F,,,,60,
PB0458,6,F,,,,61,
PB0458,6,FR,,,,62,
PB0458,6,FR,,,,63,
PB0768,6,O,1,0,Y,48,
PB0768,6,O,1,0,Y,49,
PB0768,6,O,1,0,Y,50,
PB0768,6,O,1,0,Y,51,
PB0768,6,F,,,,52,
PB0768,6,F,,,,53,
PB0768,6,F,,,,54,
PB0768,6,FR,,,,55,
PB0768,6,FR,,,,56,
PB0768,6,FR,,,,57,
PB0768,6,FR,,,,58,
PB0768,6,FR,,,,59,
PB0768,6,FR,,,,60,
PB0768,6,FR,,,,61,
PB0768,6,FR,,,,62,
PB0768,6,FR,,,,63,
PC0259,6,C,NA,0,N,48,
PC0259,6,O,1,0,Y,49,PLANT VISITED BY BEE
PC0259,6,O,1,0,Y,50,
PC0259,6,O,2,0,Y,51,
PC0259,6,F,,,,52,
PC0259,6,F,,,,53,
PC0259,6,F,,,,54,
PC0259,6,F,,,,55,
PC0259,6,F,,,,56,
PC0259,6,F,,,,57,
PC0259,6,FR,,,,58,
PC0259,6,FR,,,,59,
PC0259,6,FR,,,,60,
PC0259,6,FR,,,,61,
PC0259,6,FR,,,,62,
PC0259,6,FR,,,,63,
PB1834,7,C,,,,54,
PC0271,7,O,1,0,Y,49,ROBBED BEE
PC0271,7,O,1,0,Y,50,
PC0271,7,F,NA,NA,NA,51,
PC0271,7,F,,,,52,
PC0271,7,F,,,,54,
PC0271,7,F,,,,55,
PC0271,7,F,,,,56,
PC0271,7,F,,,,57,
PC0271,7,F,,,,58,EATEN
PC0271,7,F,,,,59,
PC0271,7,F,,,,60,
PC0271,7,F,,,,61,
PC0271,7,F,,,,62,
PC0271,7,F,,,,63,
PB1834,8,O,1,0,Y,49,
PB1834,8,O,1,0,Y,50,
PB1834,8,O,1,0,Y,51,
PB1834,8,O,1,0,Y,52,
PB1834,8,F,,,,53,
PB1834,8,F,,,,54,
PB2880,8,C,,,,54,
PB2880,8,O,1,0,Y,55,
PB2880,8,O,1,0,Y,56,
PB2880,8,O,2,0,Y,57,
PB2880,8,F,,,,58,
PB2880,8,F,,,,59,
PB2880,8,F,,,,60,
PB2880,8,F,,,,61,
PB2880,8,F,,,,62,
PB2880,8,F,,,,63,
PC0016,8,O,1,0,Y,48,
PC0016,8,F,NA,NA,NA,49,
PC0016,8,F,NA,NA,NA,50,
PC0016,8,F,NA,NA,NA,51,
PC0016,8,F,,,,52,
PC0016,8,F,,,,54,
PC0016,8,F,,,,55,
PC0016,8,F,,,,56,
PC0016,8,F,,,,57,
PC0016,8,F,,,,58,
PC0016,8,F,,,,59,
PC0016,8,F,,,,60,
PC0016,8,F,,,,61,
PC0016,8,F,,,,62,
PC0016,8,F,,,,63,
PC0199,8,O,1,0,Y,48,
PC0199,8,O,1,0,Y,49,
PC0199,8,F,NA,NA,NA,50,
PC0199,8,F,NA,NA,NA,51,
PC0199,8,F,,,,52,
PC0199,8,F,,,,53,
PC0199,8,F,,,,54,
PC0199,8,F,,,,55,
PC0199,8,F,,,,56,
PC0199,8,F,,,,57,
PC0199,8,F,,,,58,
PC0199,8,F,,,,59,
PC0199,8,F,,,,60,
PC0199,8,F,,,,61,
PC0199,8,F,,,,62,
PC0199,8,FR,,,,63,
PC0314,8,O,1,0,Y,52,
PC0314,8,O,1,0,Y,53,
PC0314,8,O,1,1,Y,54,
PC0314,8,F,,,,55,
PC0314,8,F,,,,56,
PC0314,8,F,,,,57,
PC0314,8,F,,,,58,
PC0314,8,F,,,,59,
PC0314,8,FR,,,,60,
PC0314,8,FR,,,,61,
PC0314,8,FR,,,,62,
PC0314,8,FR,,,,63,
PB0451,9,C,NA,0,N,48,
PB0451,9,O,1,0,Y,50,
PB0451,9,F,NA,NA,NA,51,
PB0451,9,F,,,,52,
PB0451,9,F,,,,53,
PB0451,9,F,,,,54,
PB0451,9,F,,,,55,
PB0451,9,F,,,,56,
PB0451,9,F,,,,57,
PB0451,9,F,,,,58,
PB0451,9,F,,,,59,
PB0451,9,F,,,,60,
PB0451,9,F,,,,61,
PB0451,9,F,,,,62,
PB0451,9,F,,,,63,
PB0738,9,C,,,,54,
PB0738,9,O,1,0,Y,55,
PB0738,9,O,1,0,Y,56,
PB0738,9,F,,,,57,
PB0738,9,F,,,,58,
PB0738,9,F,,,,59,
PB0738,9,F,,,,60,
PB0738,9,F,,,,61,
PB0738,9,F,,,,62,
PB0738,9,F,,,,63,
PA2495,10,C,NA,0,N,48,
PA2495,10,O,1,0,Y,49,
PA2495,10,O,1,0,Y,50,
PA2495,10,O,1,0,Y,51,
PA2495,10,F,,,,52,
PA2495,10,F,,,,53,
PA2495,10,F,,,,54,
PA2495,10,F,,,,55,
PA2495,10,F,,,,56,
PA2495,10,FR,,,,57,
PA2495,10,FR,,,,58,
PA2495,10,F,,,,59,EATEN
PA2495,10,F,,,,60,
PA2495,10,F,,,,61,
PA2495,10,F,,,,62,
PA2495,10,F,,,,63,
PB0311,10,O,1,0,Y,50,
PB0311,10,O,1,0,Y,51,
PB0311,10,O,1,0,Y,52,
PB0311,10,O,3,0,N,53,
PB0311,10,O,3,0,N,54,
PB0311,10,O,4,0,N,55,
PB0311,10,O,4,0,N,56,
PB0311,10,O,4,0,N,57,
PB0311,10,O,4,0,N,58,
PB0311,10,O,4,0,N,59,
PB0311,10,O,4,0,N,60,
PB0311,10,O,4,0,N,61,
PB0311,10,F,,,,62,
PB0311,10,FR,,,,63,
PC0210,10,O,1,0,Y,48,
PC0210,10,O,1,0,Y,49,
PC0210,10,O,1,0,Y,50,
PC0210,10,O,3,0,N,51,
PC0210,10,F,,,,52,
PC0210,10,F,,,,53,
PC0210,10,F,,,,54,
PC0210,10,F,,,,55,
PC0210,10,F,,,,56,
PC0210,10,F,,,,57,
PC0210,10,F,,,,58,
PC0210,10,F,,,,59,
PC0210,10,F,,,,60,
PC0210,10,F,,,,61,
PC0210,10,F,,,,62,
PC0210,10,FR,,,,63,
PC2504,10,C,,,,52,
PC2504,10,O,1,0,Y,53,
PC2504,10,O,1,0,Y,54,
PC2504,10,O,1,0,Y,55,
PC2504,10,F,,,,56,
PC2504,10,F,,,,57,
PC2504,10,F,,,,58,
PC2504,10,F,,,,59,
PC2504,10,O,4,0,N,60,
PC2504,10,F,,,,61,
PC2504,10,F,,,,62,
PC2504,10,F,,,,63,
PA0998,11,O,1,0,Y,50,
PA0998,11,O,1,0,Y,51,
PA0998,11,O,1,0,Y,52,
PA0998,11,O,1,0,Y,53,
PA0998,11,F,,,,54,
PA0998,11,F,,,,55,
PA0998,11,F,,,,56,
PA0998,11,F,,,,57,
PA0998,11,FR,,,,58,
PA0998,11,FR,,,,59,
PA0998,11,FR,,,,60,
PA0998,11,FR,,,,61,
PA0998,11,F,,,,62,CHECK
PA0998,11,F,,,,63,
PB0174,11,C,NA,0,N,48,
PB0174,11,O,1,0,Y,49,
PB0174,11,O,1,0,Y,50,
PB0174,11,F,NA,NA,NA,51,
PB0174,11,F,,,,52,
PB0174,11,F,,,,53,
PB0174,11,F,,,,54,
PB0174,11,F,,,,55,
PB0174,11,F,,,,56,
PB0174,11,F,,,,57,
PB0174,11,F,,,,58,
PB0174,11,F,,,,59,
PB0174,11,F,,,,60,
PB0174,11,F,,,,61,
PB0174,11,F,,,,62,
PB0174,11,F,,,,63,
PB0424,11,O,1,0,Y,49,
PB0424,11,F,NA,NA,NA,50,
PB0424,11,F,NA,NA,NA,51,
PB0424,11,F,,,,52,
PB0424,11,F,,,,53,
PB0424,11,F,,,,54,
PB0424,11,F,,,,55,
PB0424,11,F,,,,56,
PB0424,11,F,,,,57,
PB0424,11,F,,,,58,
PB0424,11,F,,,,59,
PB0424,11,F,,,,60,
PB0424,11,F,,,,61,
PB0424,11,F,,,,62,
PB0424,11,FR,,,,63,
PB3356,11,C,,,,54,
PB3356,11,C,,,,55,
PB3356,11,O,1,0,Y,56,
PB3356,11,O,1,0,Y,57,
PB3356,11,O,1,0,Y,58,
PB3356,11,F,,,,59,
PB3356,11,F,,,,60,
PB3356,11,F,,,,61,
PB3356,11,FR,,,,62,
PB3356,11,FR,,,,63,
PC0203,11,O,1,0,Y,48,
PC0203,11,O,1,0,Y,49,
PC0203,11,O,1,0,Y,50,
PC0203,11,O,1,0,Y,51,
PC0203,11,F,,,,52,
PC0203,11,F,,,,53,
PC0203,11,F,,,,54,
PC0203,11,F,,,,55,
PC0203,11,F,,,,56,
PC0203,11,FR,,,,57,
PC0203,11,F,,,,58,
PC0203,11,FR,,,,59,
PC0203,11,FR,,,,60,
PC0203,11,FR,,,,61,
PC0203,11,FR,,,,62,
PC0203,11,FR,,,,63,
PB0337,12,O,1,0,Y,48,
PB0337,12,O,1,0,Y,49,
PB0337,12,F,NA,NA,NA,50,
PB0337,12,F,NA,NA,NA,51,
PB0337,12,F,,,,52,
PB0337,12,F,,,,53,
PB0337,12,FR,,,,54,
PB0337,12,FR,,,,55,
PB0337,12,FR,,,,56,
PB0337,12,FR,,,,57,
PB0337,12,FR,,,,58,
PB0337,12,FR,,,,59,
PB0337,12,FR,,,,60,
PB0337,12,FR,,,,61,
PB0337,12,FR,,,,62,
PB0337,12,FR,,,,63,
PB4713,12,O,1,0,Y,48,
PB4713,12,O,1,0,Y,49,
PB4713,12,O,1,0,Y,50,
PB4713,12,O,1,0,Y,51,
PB4713,12,O,1,0,Y,52,
PB4713,12,O,3,1,N,53,
PB4713,12,O,4,0,N,54,
PB4713,12,O,4,0,N,55,MISSING INFO
PB4713,12,O,4,0,N,56,
PB4713,12,FR,,,,57,
PB4713,12,FR,,,,58,
PB4713,12,FR,,,,59,
PB4713,12,FR,,,,60,
PB4713,12,FR,,,,61,
PB4713,12,FR,,,,62,
PB4713,12,FR,,,,63,
PC0178,12,O,1,0,Y,49,
PC0178,12,O,1,0,Y,50,
PC0178,12,F,NA,NA,NA,51,
PC0178,12,F,,,,52,
PC0178,12,F,,,,53,
PC0178,12,F,,,,54,
PC0178,12,F,,,,55,
PC0178,12,F,,,,56,
PC0178,12,F,,,,57,
PC0178,12,D,,,,58,
PC0178,12,F,,,,59,
PC0178,12,F,,,,60,
PC0178,12,F,,,,61,
PC0178,12,F,,,,62,
PC0178,12,F,,,,63,
PC2504,12,C,,,,54,
PC2504,12,C,,,,55,
PC2504,12,O,1,0,y,56,
PC2504,12,O,1,0,Y,57,
PC2504,12,O,1,0,Y,58,
PC2504,12,F,,,,59,
PC2504,12,F,,,,60,
PC2504,12,F,,,,61,
PC2504,12,F,,,,62,
PC2504,12,FR,,,,63,
PB0311,13,O,1,0,Y,54,
PB0311,13,O,2,2,Y,55,
PB0311,13,O,2,0,Y,56,
PB0311,13,O,4,0,N,57,
PB0311,13,O,4,0,N,58,
PB0311,13,O,4,0,N,59,
PB0311,13,O,4,0,N,60,
PB0311,13,O,4,0,N,61,
PB0311,13,O,4,0,N,62,
PB0311,13,FR,,,,63,
PB0385,13,O,1,0,Y,52,
PB0385,13,O,1,0,Y,54,
PB0385,13,O,1,0,Y,55,
PB0385,13,O,1,0,Y,56,
PB0385,13,O,1,0,Y,57,
PB0385,13,O,4,0,N,58,IN CAT NEST
PB0385,13,F,,,,59,EATEN
PB0385,13,F,,,,60,EATEN
PB0385,13,F,,,,61,
PB0385,13,F,,,,62,
PB0385,13,F,,,,63,
PB2595,13,O,1,0,Y,49,
PB2595,13,O,1,0,Y,50,
PB2595,13,O,1,0,Y,51,
PB2595,13,F,,,,52,
PB2595,13,F,,,,53,
PB2595,13,F,,,,54,
PB2595,13,F,,,,55,
PB2595,13,FR,,,,56,
PB2595,13,FR,,,,57,
PB2595,13,FR,,,,58,
PB2595,13,FR,,,,59,
PB2595,13,FR,,,,60,
PB2595,13,FR,,,,61,
PB2595,13,FR,,,,62,
PB2595,13,FR,,,,63,
PB0224,14,C,,,,52,
PB0224,14,O,1,0,Y,53,
PB0224,14,O,1,0,Y,54,
PB0224,14,O,1,0,Y,55,
PB0224,14,F,,,,56,
PB0224,14,F,,,,57,
PB0224,14,F,,,,58,
PB0224,14,F,,,,59,
PB0224,14,F,,,,60,
PB0224,14,F,,,,61,
PB0224,14,F,,,,62,
PB0224,14,F,,,,63,
PB0451,14,C,NA,0,N,48,
PB0451,14,O,1,0,Y,50,
PB0451,14,O,2,0,Y,51,
PB0451,14,O,2,0,Y,52,
PB0451,14,O,3,0,N,53,
PB0451,14,O,4,0,N,54,
PB0451,14,O,4,0,N,55,
PB0451,14,O,4,0,N,56,
PB0451,14,F,,,,57,
PB0451,14,FR,,,,58,
PB0451,14,FR,,,,59,
PB0451,14,FR,,,,60,
PB0451,14,FR,,,,61,
PB0451,14,FR,,,,62,
PB0451,14,FR,,,,63,
PB1834,14,C,,,,54,
PB0193,15,C,,,,54,
PB0193,15,O,1,0,Y,55,
PB0193,15,O,1,0,Y,56,
PB0193,15,O,1,0,Y,57,
PB0193,15,F,,,,58,
PB0193,15,F,,,,59,
PB0193,15,F,,,,60,
PB0193,15,F,,,,61,
PB0193,15,F,,,,62,
PB0193,15,F,,,,63,MISSING INFO
PC0035,15,C,NA,0,N,48,
PC0035,15,O,1,0,Y,49,
PC0035,15,O,1,0,Y,50,
PC0035,15,O,1,0,Y,51,
PC0035,15,O,1,0,Y,52,
PC0035,15,F,,,,53,
PC0035,15,F,,,,54,
PC0035,15,F,,,,55,
PC0035,15,F,,,,56,
PC0035,15,FR,,,,57,
PC0035,15,FR,,,,58,
PC0035,15,FR,,,,59,
PC0035,15,FR,,,,60,
PC0035,15,FR,,,,61,
PC0035,15,FR,,,,62,
PC0035,15,FR,,,,63,
PC0064,15,O,1,0,Y,54,
PC0064,15,F,,,,55,
PC0064,15,F,,,,56,
PC0064,15,F,,,,57,
PC0064,15,FR,,,,58,
PC0064,15,FR,,,,59,
PC0064,15,FR,,,,60,
PC0064,15,FR,,,,61,
PC0064,15,FR,,,,62,
PC0064,15,FR,,,,63,
PC0064,15,O,1,0,Y,52,
PA0341,16,O,1,0,Y,48,
PA0341,16,O,1,0,Y,49,
PA0341,16,F,NA,NA,NA,50,
PA0341,16,F,NA,NA,NA,51,
PA0341,16,F,,,,52,
PA0341,16,F,,,,54,
PA0341,16,FR,,,,55,
PA0341,16,FR,,,,56,
PA0341,16,FR,,,,57,
PA0341,16,FR,,,,58,
PA0341,16,FR,,,,59,
PA0341,16,FR,,,,60,
PA0341,16,FR,,,,61,
PA0341,16,FR,,,,62,
PA0341,16,FR,,,,63,
PB0435,16,C,NA,0,N,48,
PB0435,16,O,1,0,Y,49,
PB0435,16,O,1,0,Y,50,
PB0435,16,F,NA,NA,NA,51,
PB0435,16,F,,,,52,
PB0435,16,F,,,,53,
PB0435,16,F,,,,54,
PB0435,16,F,,,,55,
PB0435,16,FR,,,,56,
PB0435,16,FR,,,,57,
PB0435,16,FR,,,,58,
PB0435,16,FR,,,,59,
PB0435,16,FR,,,,60,
PB0435,16,FR,,,,61,
PB0435,16,FR,,,,62,
PB0435,16,FR,,,,63,
PB0738,16,O,1,0,Y,54,
PB0738,16,O,1,0,Y,56,
PB0738,16,O,1,0,Y,57,
PB0738,16,F,,,,58,
PB0738,16,F,,,,59,
PB0738,16,F,,,,60,
PB0738,16,F,,,,61,
PB0738,16,F,,,,62,
PB0738,16,F,,,,63,
PA0998,17,O,1,0,Y,49,
PA0998,17,O,1,0,Y,50,
PA0998,17,F,NA,NA,NA,51,
PA0998,17,F,,,,52,
PA0998,17,F,,,,53,
PA0998,17,F,,,,54,
PA0998,17,F,,,,55,
PA0998,17,F,,,,56,
PA0998,17,FR,,,,57,
PA0998,17,FR,,,,58,
PA0998,17,FR,,,,59,
PA0998,17,FR,,,,60,
PA0998,17,FR,,,,61,
PA0998,17,FR,,,,62,
PA0998,17,FR,,,,63,
PC0064,17,O,1,0,Y,54,
PC0064,17,O,1,0,Y,55,
PC0064,17,O,1,0,Y,56,
PC0064,17,F,,,,57,
PC0064,17,F,,,,58,
PC0064,17,FR,,,,59,
PC0064,17,FR,,,,60,
PC0064,17,FR,,,,61,
PC0064,17,FR,,,,62,
PC0064,17,FR,,,,63,
PC2505,17,O,1,0,Y,50,
PC2505,17,O,1,0,Y,51,
PC2505,17,O,1,0,Y,52,
PC2505,17,F,,,,53,
PC2505,17,F,,,,54,
PC2505,17,F,,,,55,
PC2505,17,F,,,,56,
PC2505,17,FR,,,,57,
PC2505,17,FR,,,,58,
PC2505,17,FR,,,,59,
PC2505,17,FR,,,,60,
PC2505,17,FR,,,,61,
PC2505,17,FR,,,,62,
PC2505,17,FR,,,,63,
PB0392,18,C,,,,54,
PB0392,18,O,1,0,Y,55,
PB0392,18,O,1,0,Y,56,
PB0392,18,O,1,0,Y,57,
PB0392,18,O,1,0,Y,58,
PB0392,18,F,,,,59,
PB0392,18,F,,,,60,
PB0392,18,F,,,,61,
PB0392,18,F,,,,62,
PB0392,18,F,,,,63,
PB0761,18,O,1,0,Y,48,
PB0761,18,O,1,0,Y,49,
PB0761,18,F,NA,NA,NA,50,
PB0761,18,F,NA,NA,NA,51,
PB0761,18,F,,,,52,
PB0761,18,F,,,,53,
PB0761,18,F,,,,54,
PB0761,18,F,,,,55,
PB0761,18,F,,,,56,
PB0761,18,F,,,,57,
PB0761,18,F,,,,58,
PB0761,18,F,,,,59,
PB0761,18,F,,,,60,
PB0761,18,F,,,,61,
PB0761,18,F,,,,62,
PB0761,18,F,,,,63,
PC0211,18,O,1,0,Y,48,
PC0211,18,O,1,0,Y,49,
PC0211,18,O,1,0,Y,50,
PC0211,18,F,NA,NA,NA,51,
PC0211,18,F,,,,52,
PC0211,18,F,,,,53,
PC0211,18,F,,,,54,
PC0211,18,F,,,,55,
PC0211,18,F,,,,56,
PC0211,18,F,,,,57,
PC0211,18,F,,,,58,
PC0211,18,F,,,,59,
PC0211,18,F,,,,60,
PC0211,18,F,,,,61,
PC0211,18,F,,,,62,
PC0211,18,F,,,,63,
PB0392,19,C,,,,54,
PB0392,19,O,1,0,Y,55,
PB0392,19,O,1,0,Y,56,
PB0392,19,O,1,0,Y,57,
PB0392,19,O,1,1,Y,58,
PB0392,19,O,1,0,Y,59,
PB0392,19,O,2,0,Y,60,
PB0392,19,O,4,0,N,61,
PB0392,19,F,,,,62,
PB0392,19,F,,,,63,
PC0214,19,C,NA,0,N,48,
PC0214,19,O,1,1,Y,49,
PC0214,19,O,1,1,Y,50,
PC0214,19,F,NA,NA,NA,51,
PC0214,19,F,,,,52,
PC0214,19,F,,,,53,
PC0214,19,F,,,,54,
PC0214,19,F,,,,55,
PC0214,19,FR,,,,56,
PC0214,19,FR,,,,57,
PC0214,19,FR,,,,58,
PC0214,19,FR,,,,59,
PC0214,19,FR,,,,60,
PC0214,19,FR,,,,61,
PC0214,19,FR,,,,62,
PC0214,19,FR,,,,63,
PC0229,19,O,1,0,Y,48,
PC0229,19,O,1,0,Y,49,MINI FLOWER DEFORMED
PC0229,19,F,NA,NA,NA,50,
PC0229,19,F,NA,NA,NA,51,
PC0229,19,F,,,,52,
PC0229,19,F,,,,53,
PC0229,19,F,,,,54,
PC0229,19,F,,,,55,
PC0229,19,F,,,,56,
PC0229,19,F,,,,57,
PC0229,19,F,,,,58,
PC0229,19,F,,,,59,
PC0229,19,F,,,,60,
PC0229,19,F,,,,61,
PC0229,19,F,,,,62,
PC0229,19,F,,,,63,
PB4296,20,C,,,,54,
PB4296,20,O,1,0,Y,55,
PB4296,20,O,1,0,Y,56,
PB4296,20,O,2,0,Y,57,
PB4296,20,O,4,0,N,58,
PB4296,20,O,4,0,N,59,
PB4296,20,O,4,0,N,60,
PB4296,20,F,,,,61,
PB4296,20,F,,,,62,
PB4296,20,F,,,,63,
PC0236,20,O,1,0,Y,48,
PC0236,20,O,1,0,Y,49,
PC0236,20,O,1,0,Y,50,
PC0236,20,F,NA,NA,NA,51,
PC0236,20,F,,,,52,
PC0236,20,F,,,,53,
PC0236,20,F,,,,54,
PC0236,20,F,,,,55,
PC0236,20,F,,,,56,
PC0236,20,F,,,,57,
PC0236,20,F,,,,58,
PC0236,20,F,,,,59,
PC0236,20,F,,,,60,
PC0236,20,F,,,,61,
PC0236,20,F,,,,62,
PC0236,20,F,,,,63,
PB0016,21,O,1,0,Y,48,
PB0016,21,O,1,0,Y,49,
PB0016,21,O,1,0,Y,50,
PB0016,21,F,NA,NA,NA,51,
PB0016,21,F,,,,52,
PB0016,21,F,,,,53,
PB0016,21,F,,,,54,
PB0016,21,F,,,,55,
PB0016,21,F,,,,56,
PB0016,21,F,,,,57,
PB0016,21,F,,,,58,
PB0016,21,F,,,,59,
PB0016,21,F,,,,60,
PB0016,21,F,,,,61,
PB0016,21,F,,,,62,
PB0016,21,F,,,,63,
PC0294,21,C,,,,54,
PC0294,21,C,,,,55,
PC0294,21,O,1,0,Y,56,
PC0294,21,O,1,0,Y,57,
PC0294,21,O,1,0,Y,58,
PC0294,21,O,2,0,Y,59,
PC0294,21,F,,,,60,
PC0294,21,F,,,,61,
PC0294,21,F,,,,62,
PC0294,21,F,,,,63,
PB0738,22,O,1,0,Y,48,
PB0738,22,O,1,0,Y,49,
PB0738,22,O,1,0,Y,50,
PB0738,22,F,NA,NA,NA,51,
PB0738,22,F,,,,52,
PB0738,22,F,,,,53,
PB0738,22,F,,,,54,
PB0738,22,F,,,,55,
PB0738,22,F,,,,56,
PB0738,22,F,,,,57,
PB0738,22,F,,,,58,
PB0738,22,F,,,,59,
PB0738,22,F,,,,60,
PB0738,22,F,,,,61,
PB0738,22,F,,,,62,
PB0738,22,F,,,,63,
PC2523,22,C,,,,54,
PC2523,22,O,1,0,Y,55,
PC2523,22,O,1,0,Y,56,
PC2523,22,O,1,0,Y,57,
PC2523,22,F,,,,58,
PC2523,22,F,,,,59,
PC2523,22,F,,,,60,
PC2523,22,F,,,,61,
PC2523,22,F,,,,62,
PC2523,22,F,,,,63,
PB0391,23,O,1,0,Y,48,
PB0391,23,O,1,0,Y,49,
PB0391,23,O,1,0,Y,50,
PB0391,23,O,1,0,Y,51,
PB0391,23,F,,,,52,
PB0391,23,F,,,,53,
PB0391,23,F,,,,54,
PB0391,23,F,,,,55,
PB0391,23,F,,,,56,
PB0391,23,F,,,,57,
PB0391,23,FR,,,,58,
PB0391,23,F,,,,59,
PB0391,23,F,,,,60,
PB0391,23,FR,,,,61,
PB0391,23,FR,,,,62,
PB0391,23,FR,,,,63,
PC0199,23,O,1,0,Y,48,
PC0199,23,O,1,0,Y,49,
PC0199,23,O,1,0,Y,50,
PC0199,23,F,NA,NA,NA,51,
PC0199,23,F,,,,52,
PC0199,23,F,,,,53,
PC0199,23,F,,,,54,
PC0199,23,F,,,,55,
PC0199,23,F,,,,56,
PC0199,23,FR,,,,57,
PC0199,23,FR,,,,58,
PC0199,23,FR,,,,59,
PC0199,23,FR,,,,60,
PC0199,23,FR,,,,61,
PC0199,23,FR,,,,62,
PC0199,23,FR,,,,63,
PC0845,23,C,,,,54,
PC0845,23,O,1,0,Y,55,
PC0845,23,O,1,0,Y,56,
PC0845,23,O,1,0,Y,57,
PC0845,23,F,,,,58,
PC0845,23,F,,,,59,
PC0845,23,F,,,,60,
PC0845,23,F,,,,61,
PC0845,23,FR,,,,62,
PC0845,23,FR,,,,63,
PC1906,24,C,,,,54,
PC1906,24,O,1,0,Y,55,
PC1906,24,O,1,0,Y,56,
PC1906,24,F,,,,57,
PC1906,24,F,,,,58,
PC1906,24,F,,,,59,
PC1906,24,F,,,,60,
PC1906,24,F,,,,61,
PC1906,24,FR,,,,62,
PC1906,24,FR,,,,63,
PC2517,24,O,1,0,Y,50,
PC2517,24,F,NA,NA,NA,51,
PC2517,24,F,,,,52,
PC2517,24,F,,,,53,
PC2517,24,F,,,,54,
PC2517,24,F,,,,55,
PC2517,24,F,,,,56,
PC2517,24,F,,,,57,
PC2517,24,F,,,,58,
PC2517,24,F,,,,59,
PC2517,24,F,,,,60,
PC2517,24,F,,,,61,
PC2517,24,F,,,,62,
PC2517,24,F,,,,63,
PC0156,25,O,1,0,Y,48,
PC0156,25,F,NA,NA,NA,49,DEFORM
PC0156,25,F,NA,NA,NA,50,
PC0156,25,F,NA,NA,NA,51,
PC0156,25,F,,,,52,
PC0156,25,F,,,,53,
PC0156,25,F,,,,54,
PC0156,25,F,,,,55,
PC0156,25,F,,,,56,
PC0156,25,F,,,,57,
PC0156,25,F,,,,58,
PC0156,25,F,,,,59,
PC0156,25,F,,,,60,
PC0156,25,F,,,,61,
PC0156,25,F,,,,62,
PC0156,25,F,,,,63,
PC0271,25,C,,,,54,
PC0271,25,O,1,0,Y,55,
PC0271,25,O,1,0,Y,56,
PC0271,25,F,,,,57,
PC0271,25,F,,,,58,EATEN
PC0271,25,F,,,,59,
PC0271,25,F,,,,60,
PC0271,25,F,,,,61,
PC0271,25,F,,,,62,
PC0271,25,F,,,,63,
PB0132,26,O,1,0,Y,50,
PB0132,26,O,1,0,Y,51,
PB0132,26,O,1,0,Y,52,
PB0132,26,F,,,,53,
PB0132,26,F,,,,54,
PB0132,26,F,,,,55,
PB0132,26,F,,,,56,
PB0132,26,F,,,,57,
PB0132,26,F,,,,58,
PB0132,26,F,,,,59,
PB0132,26,F,,,,60,
PB0132,26,F,,,,61,
PB0132,26,F,,,,62,
PB0132,26,F,,,,63,
PB0392,26,O,1,0,Y,50,
PB0392,26,O,1,0,Y,51,
PB0392,26,O,1,0,Y,52,
PB0392,26,F,,,,53,"BROKEN BRANCH, REMOVED"
PB0459,26,C,NA,0,N,48,
PB0459,26,F,4,3,N,49,DYING
PC0035,26,O,1,0,Y,54,
PC0035,26,O,1,0,Y,55,
PC0035,26,O,1,0,Y,56,
PC0035,26,F,,,,57,
PC0035,26,F,,,,58,
PC0035,26,F,,,,59,
PC0035,26,FR,,,,60,
PC0035,26,FR,,,,61,
PC0035,26,FR,,,,62,
PC0035,26,FR,,,,63,
PA0998,27,O,1,0,Y,48,
PA0998,27,O,1,0,Y,49,
PA0998,27,F,NA,NA,NA,50,
PA0998,27,F,NA,NA,NA,51,
PA0998,27,F,,,,52,
PA0998,27,F,,,,53,
PA0998,27,F,,,,54,
PA0998,27,F,,,,55,
PA0998,27,F,,,,56,
PA0998,27,F,,,,57,
PA0998,27,F,,,,58,
PA0998,27,F,,,,59,
PA0998,27,F,,,,60,
PA0998,27,F,,,,61,
PA0998,27,F,,,,62,
PA0998,27,F,,,,63,
PC0259,27,F,,,,54,PREDATED
PC0259,27,F,,,,55,
PC0259,27,F,,,,56,
PB0458,28,O,1,0,Y,50,
PB0458,28,O,1,0,Y,51,
PB0458,28,O,1,0,Y,52,
PB0458,28,O,1,0,Y,53,
PB0458,28,F,,,,54,
PB0458,28,F,,,,55,
PB0458,28,F,,,,56,
PB0458,28,F,,,,57,
PB0458,28,FR,,,,58,
PB0458,28,FR,,,,59,
PB0458,28,FR,,,,60,
PB0458,28,FR,,,,61,MISMATCH CHANGED F TO FR
PB0458,28,FR,,,,62,
PB0458,28,FR,,,,63,
PB0484,28,O,1,0,Y,54,
PB0484,28,O,1,0,Y,55,
PB0484,28,O,1,0,Y,56,
PB0484,28,F,,,,57,
PB0484,28,F,,,,58,
PB0484,28,F,,,,59,
PB0484,28,F,,,,60,
PB0484,28,F,,,,61,removed flower
PC0156,28,O,1,0,Y,49,
PC0156,28,O,1,0,Y,50,
PC0156,28,F,NA,NA,NA,51,
PC0156,28,F,,,,52,
PC0156,28,F,,,,53,
PC0156,28,F,,,,54,
PC0156,28,F,,,,55,
PC0156,28,F,,,,56,
PC0156,28,F,,,,57,
PC0156,28,F,,,,58,
PC0156,28,F,,,,59,
PC0156,28,F,,,,60,
PC0156,28,F,,,,61,
PC0156,28,F,,,,62,
PC0156,28,F,,,,63,
PB0022,29,O,1,0,Y,50,
PB0022,29,O,1,0,Y,51,
PB0022,29,O,1,0,Y,52,
PB0022,29,O,1,0,Y,53,
PB0022,29,O,1,0,Y,54,
PB0022,29,O,2,0,Y,55,
PB0022,29,O,4,0,N,56,
PB0022,29,O,4,0,N,57,
PB0022,29,F,,,,58,
PB0022,29,F,,,,59,
PB0022,29,F,,,,60,
PB0022,29,F,,,,61,
PB0022,29,F,,,,62,
PB0022,29,F,,,,63,
PC0042,29,C,,,,54,
PC0042,29,O,1,0,Y,55,
PC0042,29,O,1,0,Y,56,
PC0042,29,O,1,0,Y,57,
PC0042,29,F,,,,58,
PC0042,29,F,,,,59,
PC0042,29,F,,,,60,
PC0042,29,F,,,,61,
PC0042,29,F,,,,62,
PC0042,29,F,,,,63,
PA2495,30,O,1,0,Y,54,
PA2495,30,F,,,,55,
PA2495,30,F,,,,56,
PA2495,30,F,,,,57,
PA2495,30,F,,,,58,
PA2495,30,FR,,,,59,
PA2495,30,FR,,,,60,
PA2495,30,FR,,,,61,
PA2495,30,FR,,,,62,
PA2495,30,FR,,,,63,
PB0738,30,O,1,0,Y,54,
PB0738,30,O,1,0,Y,55,
PB0738,30,O,1,0,Y,56,
PB0738,30,O,1,0,Y,57,
PB0738,30,F,,,,58,
PB0738,30,F,,,,59,
PB0738,30,F,,,,60,
PB0738,30,F,,,,61,
PB0738,30,F,,,,62,
PB0738,30,F,,,,63,
PB1834,31,C,,,,54,
PC0271,31,O,1,0,Y,49,
PC0271,31,O,1,0,Y,50,
PC0271,31,F,,,,51,
PC0271,31,F,,,,52,
PC0271,31,F,,,,54,
PC0271,31,F,,,,55,
PC0271,31,F,,,,56,
PC0271,31,F,,,,57,
PC0271,31,F,,,,58,EATEN
PC0271,31,F,,,,59,
PC0271,31,F,,,,60,
PC0271,31,F,,,,61,
PC0271,31,F,,,,62,
PC0271,31,F,,,,63,
PB4298,32,O,1,0,Y,48,
PB4298,32,O,1,0,Y,49,
PB4298,32,O,1,0,Y,50,
PB4298,32,F,NA,NA,NA,51,
PB4298,32,F,,,,52,
PB4298,32,F,,,,53,
PB4298,32,F,,,,54,
PB4298,32,F,,,,55,
PB4298,32,F,,,,56,
PB4298,32,F,,,,57,
PB4298,32,F,,,,58,
PB4298,32,F,,,,59,
PB4298,32,F,,,,60,
PB4298,32,F,,,,61,
PB4298,32,F,,,,62,
PB4298,32,F,,,,63,
PC2505,32,O,1,0,Y,54,
PC2505,32,O,1,0,Y,55,
PC2505,32,O,1,0,Y,56,
PC2505,32,F,,,,57,
PC2505,32,F,,,,58,
PC2505,32,F,,,,59,
PC2505,32,F,,,,60,
PC2505,32,FR,,,,61,
PC2505,32,FR,,,,62,
PC2505,32,FR,,,,63,
PC0061,33,C,,,,54,
PC0061,33,O,1,0,Y,55,
PC0061,33,O,1,0,Y,56,
PC0061,33,O,1,0,Y,57,
PC0061,33,O,1,0,Y,58,
PC0061,33,F,,,,59,
PC0061,33,F,,,,60,
PC0061,33,F,,,,61,
PC0061,33,F,,,,62,
PC0061,33,F,,,,63,
PC0211,33,C,NA,0,N,48,
PC0211,33,O,1,0,Y,49,
PC0211,33,O,1,1,Y,50,
PC0211,33,F,NA,NA,NA,51,
PC0211,33,F,,,,52,
PC0211,33,F,,,,53,
PC0211,33,F,,,,54,
PC0211,33,F,,,,55,
PC0211,33,F,,,,56,
PC0211,33,F,,,,57,
PC0211,33,F,,,,58,
PC0211,33,F,,,,59,
PC0211,33,F,,,,60,
PC0211,33,F,,,,61,
PC0211,33,F,,,,62,
PC0211,33,F,,,,63,
PA0341,34,C,,,,54,
PA0341,34,O,1,0,Y,55,
PA0341,34,O,1,0,Y,56,
PA0341,34,O,2,0,Y,57,
PA0341,34,F,,,,58,
PA0341,34,F,,,,59,
PA0341,34,FR,,,,60,MISMATCH
PA0341,34,F,,,,61,MISMATCH
PA0341,34,FR,,,,62,MISMATCH
PA0341,34,F,,,,63,MISMATCH
PC0075,34,O,1,0,Y,49,
PC0075,34,O,1,0,Y,50,
PC0075,34,O,1,0,Y,51,
PC0075,34,F,,,,52,
PC0075,34,F,,,,54,
PC0075,34,F,,,,55,
PC0075,34,F,,,,56,
PC0075,34,F,,,,56,EATEN
PC0075,34,F,,,,58,EATEN
PC0075,34,F,,,,59,EATEN
PC0075,34,F,,,,60,
PC0075,34,F,,,,61,
PC0075,34,F,,,,62,
PC0075,34,F,,,,63,
PB0458,35,O,1,0,Y,54,
PB0458,35,O,1,0,Y,56,
PB0458,35,F,,,,57,
PB0458,35,F,,,,58,
PB0458,35,F,,,,59,
PB0458,35,F,,,,60,
PB0458,35,FR,,,,61,
PB0458,35,FR,,,,62,
PB0458,35,FR,,,,63,
PB4713,35,O,1,0,Y,48,
PB4713,35,O,1,0,Y,49,
PB4713,35,O,1,0,Y,50,
PB4713,35,O,1,0,Y,51,
PB4713,35,F,,,,52,
PB4713,35,F,,,,53,
PB4713,35,F,,,,54,FRUIT DEVELOPMENT
PB4713,35,FR,,,,55,
PB4713,35,FR,,,,56,
PB4713,35,FR,,,,57,
PB4713,35,FR,,,,58,
PB4713,35,FR,,,,59,
PB4713,35,FR,,,,60,
PB4713,35,FR,,,,61,
PB4713,35,FR,,,,62,
PB4713,35,FR,,,,63,
PB0200,36,O,1,0,Y,48,
PB0200,36,O,1,0,Y,49,
PB0200,36,O,1,0,Y,50,
PB0200,36,O,2,0,Y,51,
PB0200,36,O,2,0,Y,52,
PB0200,36,O,3,0,N,53,
PB0200,36,O,3,0,N,54,
PB0200,36,O,4,0,N,55,
PB0200,36,O,4,0,N,56,
PB0200,36,O,4,0,N,57,
PB0200,36,O,4,0,N,58,
PB0200,36,O,4,0,N,59,
PB0200,36,O,4,0,N,60,
PB0200,36,O,4,0,M,61,
PB0200,36,O,4,0,N,62,
PB0200,36,O,4,0,N,63,
PB0279,36,C,,,,54,
PB0279,36,O,1,0,Y,55,
PB0279,36,O,1,0,Y,56,
PB0279,36,O,2,0,Y,57,
PB0279,36,F,,,,58,
PB0279,36,F,,,,59,
PB0279,36,F,,,,60,
PB0279,36,F,,,,61,
PB0279,36,F,,,,62,
PB0279,36,FR,,,,63,
PB0526,36,O,1,0,Y,49,
PB0526,36,O,1,0,Y,50,
PB0526,36,O,1,0,Y,51,
PB0526,36,O,1,0,Y,52,
PB0526,36,F,,,,53,
PB0526,36,F,,,,54,
PB0526,36,F,,,,55,
PB0526,36,F,,,,56,
PB0738,37,C,,,,54,
PB0738,37,O,1,0,Y,56,
PB0738,37,O,1,0,Y,57,
PB0738,37,F,,,,58,
PB0738,37,F,,,,59,
PB0738,37,F,,,,60,
PB0738,37,F,,,,61,
PB0738,37,F,,,,62,
PB0738,37,F,,,,63,
PC0033,37,O,1,0,Y,49,
PC0033,37,O,1,0,Y,50,
PC0033,37,O,2,0,Y,51,
PC0033,37,F,,,,52,
PC0033,37,F,,,,54,
PC0033,37,F,,,,55,
PC0033,37,F,,,,56,
PC0033,37,F,,,,57,
PC0033,37,F,,,,58,
PC0033,37,F,,,,59,
PC0033,37,F,,,,60,
PC0033,37,F,,,,61,
PC0033,37,F,,,,62,
PC0033,37,F,,,,63,
PC0292,37,C,NA,0,N,48,
PC0292,37,O,1,0,Y,49,
PC0292,37,O,1,2,Y,50,
PC0292,37,O,2,0,Y,51,
PC0292,37,F,,,,52,
PC0292,37,F,,,,53,
PC0292,37,F,,,,54,
PC0292,37,F,,,,55,
PC0292,37,F,,,,56,
PC0292,37,F,,,,57,
PC0292,37,F,,,,58,RIGHT OF
PC0292,37,F,,,,59,
PC0292,37,F,,,,60,
PC0292,37,F,,,,61,
PC0292,37,F,,,,62,
PC0292,37,FR,,,,63,
PB0337,38,C,NA,0,N,48,
PB0337,38,O,1,0,Y,49,
PB0337,38,O,1,0,Y,50,
PB0337,38,F,NA,NA,NA,51,
PB0337,38,F,,,,52,
PB0337,38,F,,,,53,
PB0337,38,F,,,,54,
PB0337,38,F,,,,55,
PB0337,38,F,,,,56,
PB0337,38,F,,,,57,
PB0337,38,F,,,,58,
PB0337,38,F,,,,59,
PB0337,38,F,,,,60,
PB0337,38,F,,,,61,
PB0337,38,F,,,,62,
PB0337,38,FR,,,,63,
PC0143,38,C,,,,54,
PC0143,38,O,1,0,Y,55,
PC0143,38,O,1,0,Y,56,
PC0143,38,O,1,0,Y,57,
PC0143,38,O,2,1,Y,58,
PC0143,38,F,,,,59,
PC0143,38,F,,,,60,
PC0143,38,F,,,,61,
PC0143,38,FR,,,,62,
PC0143,38,FR,,,,63,
PC0224,38,C,NA,0,N,48,
PC0224,38,O,1,0,Y,49,
PC0224,38,O,1,0,Y,50,
PC0224,38,F,NA,NA,NA,51,
PC0224,38,F,,,,52,
PC0224,38,F,,,,53,
PC0224,38,F,,,,54,
PC0224,38,F,,,,55,
PC0224,38,F,,,,56,
PC0224,38,F,,,,57,
PC0224,38,F,,,,58,
PC0224,38,F,,,,59,
PC0224,38,F,,,,60,
PC0224,38,F,,,,61,
PC0224,38,F,,,,62,
PC0224,38,F,,,,63,
PC0231,38,O,1,0,Y,48,
PC0231,38,O,1,0,Y,49,
PC0231,38,O,1,0,Y,50,
PC0231,38,O,1,0,Y,51,
PC0231,38,F,,,,52,
PC0231,38,F,,,,53,
PC0231,38,F,,,,54,
PC0231,38,F,,,,55,
PC0231,38,FR,,,,56,
PC0231,38,F,,,,57,MISMATCH
PC0231,38,FR,,,,58,
PC0231,38,FR,,,,59,
PC0231,38,FR,,,,60,
PC0231,38,FR,,,,61,
PC0231,38,FR,,,,62,
PC0231,38,FR,,,,63,
PB1834,39,C,NA,0,N,50,
PB1834,39,O,1,0,Y,51,
PB1834,39,O,1,0,Y,52,
PB1834,39,O,1,0,Y,53,
PB1834,39,F,,,,54,
PB1834,39,F,,,,55,
PB2880,39,C,NA,0,N,48,
PB2880,39,O,1,0,Y,49,
PB2880,39,O,1,0,Y,50,
PB2880,39,O,1,0,Y,51,
PB2880,39,O,1,0,Y,52,
PB2880,39,F,,,,53,
PB2880,39,F,,,,54,
PB2880,39,F,,,,55,
PB2880,39,F,,,,56,
PB2880,39,F,,,,57,
PB2880,39,FR,,,,58,
PB2880,39,FR,,,,59,
PB2880,39,FR,,,,60,
PB2880,39,FR,,,,61,
PB2880,39,FR,,,,62,
PB2880,39,FR,,,,63,
PB4296,39,C,,,,54,
PB4296,39,O,1,0,Y,55,
PB4296,39,O,1,0,Y,56,
PB4296,39,O,1,0,Y,57,
PB4296,39,F,,,,58,
PB4296,39,F,,,,59,
PB4296,39,F,,,,60,
PB4296,39,FR,,,,61,
PB4296,39,FR,,,,62,
PB4296,39,FR,,,,63,
PB0408,40,C,NA,0,N,48,
PB0408,40,C,NA,NA,NA,49,
PB0408,40,O,1,2,Y,50,
PB0408,40,O,1,2,Y,51,
PB0408,40,O,1,2,Y,52,
PB0408,40,F,,,,53,
PB0408,40,F,,,,54,
PB0408,40,F,,,,55,
PB0408,40,F,,,,56,
PB0408,40,FR,,,,57,
PB0408,40,FR,,,,58,
PB0408,40,FR,,,,59,
PB0408,40,FR,,,,60,
PB0408,40,FR,,,,61,
PB0408,40,FR,,,,62,
PB0408,40,FR,,,,63,
PB1834,40,O,1,0,Y,54,
PB0458,41,F,,,,54,
PB0458,41,O,1,0,Y,55,
PB0458,41,O,1,0,Y,56,
PB0458,41,O,3,0,N,57,
PB0458,41,O,4,0,N,58,
PB0458,41,O,4,0,N,59,
PB0458,41,O,4,0,N,60,
PB0458,41,O,4,0,N,61,
PB0458,41,O,4,0,N,62,
PB0458,41,O,4,0,N,63,
PB2595,41,O,1,0,Y,49,
PB2595,41,O,1,0,Y,50,
PB2595,41,F,NA,NA,NA,51,
PB2595,41,F,,,,52,
PB2595,41,F,,,,53,
PB2595,41,F,,,,54,
PB2595,41,FR,,,,55,
PB2595,41,FR,,,,56,
PB2595,41,FR,,,,57,
PB2595,41,FR,,,,58,
PB2595,41,FR,,,,59,
PB2595,41,FR,,,,60,
PB2595,41,FR,,,,61,
PB2595,41,FR,,,,62,
PB2595,41,FR,,,,63,
PB0311,42,C,NA,0,N,50,
PB0311,42,O,1,0,Y,51,
PB0311,42,O,1,0,Y,52,
PB0311,42,O,1,0,Y,53,
PB0311,42,F,,,,54,
PB0311,42,F,,,,55,
PB0311,42,F,,,,56,
PB0311,42,F,,,,57,
PB0311,42,FR,,,,58,
PB0311,42,FR,,,,59,
PB0311,42,FR,,,,60,
PB0311,42,FR,,,,61,
PB0311,42,FR,,,,62,
PB0311,42,FR,,,,63,
PB0484,42,O,1,0,Y,48,
PB0484,42,O,1,0,Y,49,
PB0484,42,O,1,0,Y,50,
PB0484,42,O,1,0,Y,51,
PB0484,42,F,,,,52,
PB0484,42,F,,,,53,
PB0484,42,F,,,,54,
PB0484,42,FR,,,,55,
PB0484,42,FR,,,,56,
PB0484,42,FR,,,,57,
PB0484,42,FR,,,,58,
PB0484,42,FR,,,,59,
PB0484,42,FR,,,,60,
PB0484,42,FR,,,,61,
PB0484,42,FR,,,,62,
PB0484,42,FR,,,,63,
PC0841,42,C,,,,54,
PC0841,42,O,1,0,Y,55,
PC0841,42,O,1,0,Y,56,
PC0841,42,O,1,0,Y,57,
PC0841,42,O,1,0,Y,58,
PC0841,42,F,,,,59,
PC0841,42,F,,,,60,
PC0841,42,F,,,,61,
PC0841,42,F,,,,62,
PC0841,42,F,,,,63,
PB0432,43,C,NA,0,N,48,
PB0432,43,O,1,0,Y,49,DISEASE
PB0432,43,O,1,0,Y,50,
PB0432,43,F,NA,NA,NA,51,
PB0432,43,F,,,,52,
PB0432,43,F,,,,54,
PB0432,43,F,,,,55,
PB0432,43,F,,,,56,
PB0432,43,F,,,,57,
PB0432,43,F,,,,58,
PB0432,43,F,,,,59,
PB0432,43,F,,,,60,
PB0432,43,F,,,,61,
PB0432,43,F,,,,62,
PB0432,43,F,,,,63,
PB0022,44,O,1,0,Y,50,
PB0022,44,O,1,0,Y,51,
PB0022,44,O,1,0,Y,52,
PB0022,44,O,1,0,Y,53,
PB0022,44,O,4,0,N,54,
PB0022,44,O,4,0,N,55,
PB0022,44,O,4,0,N,56,
PB0022,44,FR,,,,57,
PB0022,44,FR,,,,58,
PB0022,44,FR,,,,59,
PB0022,44,FR,,,,60,
PB0022,44,FR,,,,61,
PB0022,44,FR,,,,62,
PB0022,44,FR,,,,63,
PB0381,44,C,,,,54,
PB0381,44,O,1,0,Y,55,
PB0381,44,O,1,0,Y,56,
PB0381,44,O,1,0,Y,57,
PB0381,44,F,,,,58,
PB0381,44,F,,,,59,
PB0381,44,F,,,,60,
PB0381,44,FR,,,,61,
PB0381,44,FR,,,,62,
PB0381,44,FR,,,,63,
PC0120,44,C,NA,0,N,49,
PC0120,44,C,NA,0,N,50,
PC0120,44,O,1,0,Y,51,
PC0120,44,O,1,0,Y,52,
PC0120,44,O,1,0,Y,53,
PC0120,44,F,,,,54,
PC0120,44,F,,,,55,
PC0120,44,F,,,,56,
PC0120,44,F,,,,57,
PC0120,44,F,,,,58,
PC0120,44,FR,,,,59,
PC0120,44,FR,,,,60,
PC0120,44,FR,,,,61,
PC0120,44,F,,,,62,CHECK
PC0120,44,F,,,,63,
PC0035,45,C,,,,54,
PC0035,45,O,1,0,Y,55,
PC0035,45,O,1,0,Y,56,
PC0035,45,O,1,0,Y,57,
PC0035,45,F,,,,58,
PC0035,45,F,,,,59,
PC0035,45,F,,,,60,
PC0035,45,F,,,,61,
PC0035,45,F,,,,62,
PC0035,45,F,,,,63,
PC0080,45,O,1,0,Y,52,
PC0080,45,O,1,0,Y,53,
PC0080,45,O,1,0,Y,54,
PC0080,45,O,1,0,Y,55,
PC0080,45,F,,,,56,
PC0080,45,F,,,,57,
PC0080,45,F,,,,58,
PC0080,45,F,,,,59,
PC0080,45,FR,,,,60,
PC0080,45,FR,,,,61,
PC0080,45,FR,,,,62,
PC0080,45,FR,,,,63,
PC0113,45,C,NA,0,N,48,
PC0113,45,O,1,0,Y,49,
PC0113,45,O,1,0,Y,50,
PC0113,45,O,1,0,Y,51,
PC0113,45,F,,,,52,
PC0113,45,F,,,,54,
PC0113,45,F,,,,55,
PC0113,45,F,,,,56,
PC0113,45,F,,,,57,
PC0113,45,F,,,,58,
PC0113,45,F,,,,59,
PC0113,45,F,,,,60,
PC0113,45,F,,,,61,
PC0113,45,F,,,,62,
PC0113,45,F,,,,63,
PB0337,46,O,1,0,Y,48,
PB0337,46,O,1,0,Y,49,
PB0337,46,F,NA,NA,NA,50,
PB0337,46,F,NA,NA,NA,51,
PB0337,46,F,,,,52,
PB0337,46,F,,,,53,
PB0337,46,F,,,,54,
PB0337,46,F,,,,55,
PB0337,46,F,,,,56,
PB0337,46,F,,,,57,
PB0337,46,F,,,,58,
PB0337,46,F,,,,59,
PB0337,46,F,,,,60,
PB0337,46,F,,,,61,
PB0337,46,F,,,,62,
PB0337,46,FR,,,,63,
PB0349,46,O,1,1,Y,48,
PB0349,46,O,1,1,Y,49,
PB0349,46,O,1,1,Y,50,
PB0349,46,F,NA,NA,NA,51,
PB0349,46,F,,,,52,
PB0349,46,F,,,,53,
PB0349,46,F,,,,54,
PB0349,46,F,,,,55,
PB0349,46,F,,,,56,
PB0349,46,F,,,,57,
PB0349,46,F,,,,58,
PB0349,46,F,,,,59,
PB0349,46,F,,,,60,
PB0349,46,F,,,,61,
PB0349,46,F,,,,62,
PB0349,46,F,,,,63,
PB0427,46,C,,,,54,
PB0427,46,C,,,,55,
PB0427,46,O,1,0,Y,56,
PB0427,46,O,1,0,Y,57,
PB0427,46,O,1,0,Y,58,
PB0427,46,O,1,0,Y,59,
PB0427,46,O,4,0,N,60,MISMATCH CHANGED F TO O4
PB0427,46,O,4,0,N,61,MISMATCH CHANGED F TO O4
PB0427,46,O,4,0,N,62,MISMATCH CHANGED F TO O4
PB0427,46,O,4,0,N,63,
PB0738,46,O,1,0,Y,55,
PC0244,46,O,1,0,Y,48,
PC0244,46,O,1,0,Y,49,
PC0244,46,F,NA,NA,NA,50,
PC0244,46,F,NA,NA,NA,51,
PC0244,46,F,,,,52,
PC0244,46,F,,,,53,
PC0244,46,F,,,,54,
PC0244,46,F,,,,55,
PC0244,46,F,,,,56,
PC0244,46,F,,,,57,
PC0244,46,F,,,,58,
PC0244,46,F,,,,59,
PC0244,46,F,,,,60,
PC0244,46,F,,,,61,
PC0244,46,F,,,,62,
PC0244,46,F,,,,63,
PB0351,47,O,1,0,Y,50,
PB0351,47,O,1,0,Y,51,
PB0351,47,O,1,0,Y,52,
PB0351,47,F,,,,53,
PB0351,47,F,,,,54,
PB0351,47,F,,,,55,
PB0351,47,FR,,,,56,
PB0351,47,FR,,,,57,
PB0351,47,FR,,,,58,
PB0351,47,FR,,,,59,
PB0351,47,FR,,,,60,
PB0351,47,FR,,,,61,
PB0351,47,FR,,,,62,
PB0351,47,FR,,,,63,
PC0838,47,C,,,,54,
PC0838,47,O,1,0,Y,55,
PC0838,47,O,1,0,Y,56,
PC0838,47,O,1,0,Y,57,
PC0838,47,O,1,0,Y,58,
PC0042,48,C,,,,54,
PC0042,48,O,1,0,Y,55,
PC0042,48,O,1,0,Y,56,
PC0042,48,O,1,0,Y,57,
PC0042,48,F,,,,58,
PC0042,48,F,,,,59,
PC0042,48,F,,,,60,
PC0042,48,FR,,,,61,
PC0042,48,FR,,,,62,
PC0042,48,FR,,,,63,
PC0230,48,O,1,0,Y,48,
PC0230,48,O,1,1,Y,49,
PC0230,48,O,1,1,Y,50,
PC0230,48,F,NA,NA,NA,51,
PC0230,48,F,,,,52,
PC0230,48,F,,,,53,
PC0230,48,F,,,,54,
PC0230,48,F,,,,55,
PC0230,48,F,,,,56,
PC0230,48,F,,,,57,
PC0230,48,F,,,,58,
PC0230,48,F,,,,59,
PC0230,48,F,,,,60,
PC0230,48,F,,,,61,
PC0230,48,F,,,,62,
PC0230,48,F,,,,63,
PC2503,48,O,1,0,Y,49,
PC2503,48,O,1,0,Y,50,
PC2503,48,F,NA,NA,NA,51,
PC2503,48,F,,,,52,
PC2503,48,F,,,,54,
PC2503,48,F,,,,55,
PC2503,48,F,,,,56,
PC2503,48,F,,,,57,
PC2503,48,F,,,,58,
PC2503,48,F,,,,59,
PC2503,48,F,,,,60,
PC2503,48,F,,,,61,
PC2503,48,F,,,,62,
PC2503,48,F,,,,63,
PB0132,49,C,,,,54,
PB0132,49,O,1,0,Y,55,
PB0132,49,O,1,0,Y,56,
PB0132,49,O,1,0,Y,57,
PB0132,49,F,,,,58,
PB0132,49,F,,,,59,
PB0132,49,F,,,,60,
PB0132,49,FR,,,,61,
PB0132,49,FR,,,,62,
PB0132,49,FR,,,,63,
PB0459,49,O,1,0,Y,50,
PB0459,49,O,1,0,Y,51,
PB0459,49,O,1,0,Y,52,
PB0459,49,O,1,0,Y,53,
PB0459,49,O,1,0,Y,54,
PB0459,49,F,,,,55,
PB0459,49,F,,,,56,
PB0459,49,FR,,,,57,
PB0459,49,FR,,,,58,
PB0459,49,FR,,,,59,
PB0459,49,FR,,,,60,
PB0459,49,FR,,,,61,
PB0459,49,FR,,,,62,
PB0459,49,FR,,,,63,
PC0117,49,O,1,0,Y,48,
PC0117,49,O,1,0,Y,49,
PC0117,49,O,1,3,Y,50,
PC0117,49,F,NA,NA,NA,51,
PC0117,49,F,NA,NA,NA,52,
PC0117,49,F,,,,54,
PC0117,49,F,,,,55,
PC0117,49,F,,,,56,
PC0117,49,F,,,,57,
PC0117,49,F,,,,58,
PC0117,49,FR,,,,59,
PC0117,49,F,,,,60,
PC0117,49,F,,,,61,
PC0117,49,F,,,,62,
PC0117,49,F,,,,63,
PC0025,50,C,NA,0,N,49,
PC0025,50,O,1,0,Y,50,
PC0025,50,O,1,0,Y,51,
PC0025,50,O,1,0,Y,52,
PC0025,50,O,3,0,N,53,
PC0025,50,O,4,0,N,54,
PC0025,50,O,4,0,N,55,
PC0025,50,O,4,0,N,56,
PC0025,50,O,4,0,N,57,
PC0025,50,O,4,0,N,58,
PC0025,50,O,4,0,N,59,
PC0025,50,F,,,,60,
PC0025,50,F,,,,61,
PC0025,50,F,,,,62,
PC0025,50,F,,,,63,
PC0140,50,O,1,0,Y,54,
PC0140,50,O,1,0,Y,55,
PC0140,50,O,1,0,Y,56,
PC0140,50,O,1,0,Y,57,
PC0140,50,O,1,0,Y,58,
PC0140,50,F,,,,59,
PC0140,50,F,,,,60,
PC0140,50,F,,,,61,
PC0140,50,F,,,,62,
PC0140,50,F,,,,63,
PB0408,51,C,,,,54,
PB0408,51,O,1,0,Y,55,
PB0408,51,O,1,0,Y,56,
PB0408,51,O,2,0,Y,57,
PB0408,51,O,3,0,N,58,
PB0408,51,O,4,0,N,59,
PB0408,51,O,4,0,N,60,
PB0408,51,O,4,0,N,61,
PB0408,51,O,4,0,N,62,
PB0408,51,O,4,0,N,63,
PC0104,51,C,,,,52,
PC0104,51,O,1,0,Y,53,
PC0104,51,O,1,0,Y,54,
PC0104,51,O,1,0,Y,55,
PC0104,51,F,,,,56,
PC0104,51,F,,,,57,
PC0104,51,F,,,,58,
PC0104,51,F,,,,59,
PC0104,51,FR,,,,60,
PC0104,51,FR,,,,61,
PC0104,51,FR,,,,62,
PC0104,51,FR,,,,63,
PB0427,52,O,1,0,Y,54,
PB0427,52,O,1,2,Y,55,
PB0427,52,O,4,0,N,56,
PB0427,52,O,4,0,N,57,
PB0427,52,O,4,0,N,58,
PB0427,52,O,4,0,N,59,
PB0427,52,O,4,0,N,60,
PB0427,52,O,4,0,N,61,
PB0427,52,O,4,0,N,62,
PB0427,52,O,4,0,N,63,
PC0152,52,O,1,0,Y,49,
PC0152,52,O,1,0,Y,50,
PC0152,52,O,1,0,Y,51,
PC0152,52,F,,,,52,
PC0152,52,F,,,,53,
PC0152,52,F,,,,54,
PC0152,52,F,,,,55,
PC0152,52,FR,,,,56,
PC0152,52,FR,,,,57,
PC0152,52,FR,,,,58,
PC0152,52,FR,,,,59,
PC0152,52,FR,,,,60,
PC0152,52,FR,,,,61,MISMATCH CHANGED F TO FR
PC0152,52,FR,,,,62,
PC0152,52,FR,,,,63,
PB0738,53,C,NA,0,N,48,
PB0738,53,O,1,0,Y,49,STRANGE COLOR/STRESSED
PB0738,53,O,1,0,Y,50,
PB0738,53,F,NA,NA,NA,51,
PB0738,53,F,,,,52,
PB0738,53,F,,,,53,
PB0738,53,F,,,,54,
PB0738,53,F,,,,55,
PB0738,53,F,,,,56,
PB0738,53,F,,,,57,
PB0738,53,F,,,,58,
PB0738,53,F,,,,59,
PB0738,53,F,,,,60,
PB0738,53,F,,,,61,
PB0738,53,F,,,,62,
PB0738,53,F,,,,63,
PC0841,53,C,,,,54,
PC0841,53,O,1,0,Y,55,
PC0841,53,O,1,0,Y,56,
PC0841,53,O,1,0,Y,57,
PC0841,53,F,,,,58,
PC0841,53,F,,,,59,
PC0841,53,F,,,,60,
PC0841,53,F,,,,61,
PC0841,53,F,,,,62,
PC0841,53,F,,,,63,
PC0200,54,C,NA,0,N,49,
PC0200,54,O,1,0,Y,50,
PC0200,54,O,1,0,Y,51,
PC0200,54,O,1,0,Y,52,
PC0200,54,F,,,,53,
PC0200,54,F,,,,54,
PC0200,54,F,,,,55,
PC0200,54,F,,,,56,
PC0200,54,F,,,,57,
PC0200,54,F,,,,58,
PC0200,54,FR,,,,59,
PC0200,54,FR,,,,60,
PC0200,54,FR,,,,61,MISMATCH CHANGED F TO FR
PC0200,54,FR,,,,62,
PC0200,54,F,,,,63,MISMATCH
PC2505,54,O,1,0,Y,54,
PC2505,54,O,1,0,Y,55,
PC2505,54,O,1,0,Y,56,
PC2505,54,O,1,0,Y,57,
PC2505,54,F,,,,58,
PC2505,54,F,,,,59,
PC2505,54,F,,,,60,
PC2505,54,F,,,,61,
PC2505,54,FR,,,,62,
PC2505,54,FR,,,,63,
PB0737,55,O,1,0,Y,48,
PB0737,55,O,1,0,Y,49,
PB0737,55,O,1,0,Y,50,
PB0737,55,O,2,1,Y,51,
PB0737,55,F,,,,52,
PB0737,55,F,,,,53,
PB0737,55,F,,,,54,
PB0737,55,F,,,,55,
PB0737,55,F,,,,56,
PB0737,55,F,,,,57,
PB0737,55,F,,,,58,
PB0737,55,F,,,,59,
PB0737,55,F,,,,60,
PB0737,55,FR,,,,61,
PB0737,55,FR,,,,62,
PB0737,55,FR,,,,63,MISMATCH CHANGED F TO FR
PC0140,55,O,1,0,Y,54,
PC0140,55,O,1,0,Y,55,
PC0140,55,O,1,0,Y,56,
PC0140,55,O,1,0,Y,57,
PC0140,55,F,,,,58,
PC0140,55,F,,,,59,
PC0140,55,F,,,,60,
PC0140,55,F,,,,61,
PC0140,55,F,,,,62,
PC0140,55,F,,,,63,
PB0337,56,C,,,,54,
PB0337,56,O,1,0,Y,55,
PB0337,56,O,1,0,Y,56,
PB0337,56,F,,,,57,
PB0337,56,F,,,,58,
PB0337,56,F,,,,59,
PB0337,56,F,,,,60,
PB0337,56,F,,,,61,
PB0337,56,F,,,,62,
PB0337,56,F,,,,63,
PB0768,56,O,1,0,Y,48,
PB0768,56,O,1,0,Y,49,
PB0768,56,O,1,0,Y,50,
PB0768,56,O,1,0,Y,51,
PB0768,56,F,,,,52,
PB0768,56,F,,,,53,
PB0768,56,F,,,,54,
PB0768,56,FR,,,,55,
PB0768,56,FR,,,,56,
PB0768,56,FR,,,,57,
PB0768,56,FR,,,,58,
PB0768,56,FR,,,,59,
PB0768,56,FR,,,,60,
PB0768,56,FR,,,,61,
PB0768,56,FR,,,,62,
PB0768,56,FR,,,,63,
PB0768,57,O,1,0,Y,48,
PB0768,57,O,1,0,Y,49,
PB0768,57,O,1,0,Y,50,
PB0768,57,O,1,0,Y,51,
PB0768,57,F,,,,52,
PB0768,57,F,,,,53,
PB0768,57,F,,,,54,FRUIT DEVELOPMENT
PB0768,57,FR,,,,55,
PB0768,57,FR,,,,56,
PB0768,57,FR,,,,57,
PB0768,57,FR,,,,58,
PB0768,57,FR,,,,59,
PB0768,57,FR,,,,60,
PB0768,57,FR,,,,61,
PB0768,57,FR,,,,62,
PB0768,57,FR,,,,63,
PC0229,57,C,NA,0,N,48,
PC0229,57,O,1,0,Y,49,
PC0229,57,O,1,0,Y,50,
PC0229,57,O,1,0,Y,51,
PC0229,57,O,1,0,Y,52,
PC0229,57,F,,,,53,
PC0229,57,F,,,,54,
PC0229,57,F,,,,55,
PC0229,57,FR,,,,56,
PC0229,57,FR,,,,57,
PC0229,57,FR,,,,58,
PC0229,57,FR,,,,59,
PC0229,57,FR,,,,60,
PC0229,57,FR,,,,61,
PC0229,57,FR,,,,62,
PC0229,57,FR,,,,63,
PC0294,57,C,,,,54,
PC0294,57,O,1,0,Y,55,
PC0294,57,O,1,0,Y,56,
PC0294,57,O,1,1,Y,57,
PC0294,57,O,1,2,Y,58,
PC0294,57,F,,,,59,
PC0294,57,F,,,,60,
PC0294,57,F,,,,61,
PC0294,57,F,,,,62,
PC0294,57,F,,,,63,
PB0498,58,C,,,,54,
PB0498,58,O,1,0,Y,55,
PB0498,58,O,1,0,Y,56,
PB0498,58,O,1,0,Y,57,
PB0498,58,O,1,0,Y,58,
PB0498,58,O,1,0,Y,59,
PB0498,58,F,,,,60,
PB0498,58,F,,,,61,
PB0498,58,FR,,,,62,
PB0498,58,FR,,,,63,
PB0132,59,C,,,,54,
PB0132,59,O,1,0,Y,55,
PB0132,59,O,1,0,Y,56,
PB0132,59,O,1,0,Y,57,
PB0132,59,F,,,,58,
PB0132,59,F,,,,59,
PB0132,59,F,,,,60,
PB0132,59,FR,,,,61,
PB0132,59,FR,,,,62,
PB0132,59,FR,,,,63,
PC0236,59,O,1,0,Y,48,
PC0236,59,O,1,0,Y,49,
PC0236,59,O,2,1,Y,50,
PC0236,59,F,NA,NA,NA,51,
PC0236,59,F,,,,52,
PC0236,59,F,,,,53,
PC0236,59,F,,,,54,
PC0236,59,F,,,,55,
PC0236,59,F,,,,56,
PC0236,59,F,,,,57,
PC0236,59,F,,,,58,
PC0236,59,F,,,,59,
PC0236,59,F,,,,60,
PC0236,59,F,,,,61,
PC0236,59,F,,,,62,
PC0236,59,F,,,,63,
PC2460,59,C,NA,0,N,48,
PA2417,60,C,,,,54,
PA2417,60,O,1,0,Y,55,
PA2417,60,O,1,0,Y,56,
PA2417,60,O,1,0,Y,57,
PA2417,60,F,,,,58,
PA2417,60,F,,,,59,
PA2417,60,F,,,,60,
PA2417,60,F,,,,61,MISMATCH CHANGED O1 TO F
PA2417,60,F,,,,62,
PA2417,60,FR,,,,63,
PB0458,60,O,1,0,Y,49,
PB0458,60,O,1,0,Y,50,
PB0458,60,O,1,0,Y,51,
PB0458,60,F,,,,52,
PB0458,60,F,,,,53,
PB0458,60,F,,,,54,
PB0458,60,F,,,,55,
PB0458,60,F,,,,56,
PB0458,60,F,,,,57,
PB0458,60,F,,,,58,
PB0458,60,F,,,,59,
PB0458,60,F,,,,60,MISMATCH CHANGED FR TO F
PB0458,60,F,,,,61,
PB0458,60,F,,,,62,
PB0458,60,F,,,,63,
PC0110,60,O,1,0,Y,54,
PC0110,60,O,1,0,Y,55,
PC0110,60,O,1,0,Y,56,
PC0110,60,O,1,0,Y,57,
PC0110,60,F,,,,58,
PC0110,60,F,,,,59,
PC0110,60,F,,,,60,
PC0110,60,F,,,,61,
PC0110,60,F,,,,62,
PC0110,60,F,,,,63,
PB1834,61,O,1,1,Y,49,
PB1834,61,O,1,1,Y,50,
PB1834,61,O,1,0,Y,51,
PB1834,61,F,,,,52,
PB1834,61,F,,,,53,
PB1834,61,F,,,,54,
PB3356,61,C,,,,54,
PB3356,61,O,1,0,Y,55,
PB3356,61,O,1,0,Y,56,
PB3356,61,O,1,0,Y,57,
PB3356,61,F,,,,58,
PB3356,61,F,,,,59,
PB3356,61,F,,,,60,
PB3356,61,F,,,,61,
PB3356,61,FR,,,,62,
PB3356,61,FR,,,,63,
PC0046,61,O,1,0,Y,52,
PC0046,61,O,1,0,Y,53,
PC0046,61,O,1,0,Y,54,
PC0046,61,O,1,0,Y,55,
PC0046,61,F,,,,56,
PC0046,61,F,,,,57,
PC0046,61,F,,,,58,
PC0046,61,F,,,,59,
PC0046,61,F,,,,60,
PC0046,61,F,,,,61,
PC0046,61,F,,,,62,
PC0046,61,F,,,,63,
PC0250,61,O,1,0,Y,48,
PC0250,61,O,1,0,Y,49,
PC0250,61,F,NA,NA,NA,50,
PC0250,61,F,NA,NA,NA,51,
PC0250,61,F,,,,52,
PC0250,61,F,,,,53,
PC0250,61,F,,,,54,
PC0250,61,F,,,,55,
PC0250,61,F,,,,56,
PC0250,61,F,,,,57,
PC0250,61,F,,,,58,
PC0250,61,F,,,,59,
PC0250,61,F,,,,60,
PC0250,61,F,,,,61,
PC0250,61,F,,,,62,
PC0250,61,F,,,,63,
PB0526,62,C,,,,54,
PB0526,62,O,1,2,Y,55,
PB0526,62,O,1,0,Y,56,
PB0738,62,C,NA,0,N,48,
PB0738,62,O,1,0,Y,49,
PB0738,62,O,1,0,Y,50,
PB0738,62,O,2,1,Y,51,
PB0738,62,F,,,,52,
PB0738,62,F,,,,53,
PB0738,62,F,,,,54,
PB0738,62,F,,,,55,
PB0738,62,F,,,,56,
PB0738,62,F,,,,57,
PB0738,62,FR,,,,58,
PB0738,62,FR,,,,59,
PB0738,62,FR,,,,60,
PB0738,62,FR,,,,61,
PB0738,62,FR,,,,62,
PB0738,62,FR,,,,63,
PC0214,62,C,NA,0,N,48,
PC0214,62,O,1,0,Y,49,
PC0214,62,O,1,0,Y,50,
PC0214,62,F,NA,NA,NA,51,
PC0214,62,F,,,,52,
PC0214,62,F,,,,53,
PC0214,62,F,,,,54,
PC0214,62,F,,,,55,
PC0214,62,F,,,,56,
PC0214,62,F,,,,57,
PC0214,62,F,,,,58,
PC0214,62,F,,,,59,
PC0214,62,F,,,,60,
PC0214,62,F,,,,61,
PC0214,62,F,,,,62,
PC0214,62,F,,,,63,
PB0257,63,C,NA,0,N,48,
PC0025,63,C,,,,52,
PC0025,63,O,1,0,Y,53,
PC0025,63,O,1,0,Y,54,
PC0025,63,O,4,0,N,55,
PC0025,63,O,4,0,N,56,
PC0025,63,F,,,,57,
PC0025,63,F,,,,58,
PC0025,63,FR,,,,59,
PC0025,63,FR,,,,60,
PC0025,63,FR,,,,61,
PC0025,63,FR,,,,62,
PC0025,63,FR,,,,63,
PC0257,63,O,1,0,Y,49,
PC0257,63,O,1,0,Y,50,
PC0257,63,O,2,0,Y,51,
PC0257,63,F,,,,52,
PC0257,63,F,,,,53,
PC0257,63,F,,,,54,
PC0257,63,F,,,,55,
PC0257,63,FR,,,,56,
PC0257,63,FR,,,,57,
PC0257,63,FR,,,,58,
PC0257,63,FR,,,,59,
PC0257,63,FR,,,,60,
PC0257,63,FR,,,,61,
PC0257,63,FR,,,,62,
PC0257,63,FR,,,,63,
PC2505,63,O,1,0,Y,54,
PC2505,63,O,1,0,Y,55,
PC2505,63,O,1,0,Y,56,
PC2505,63,F,,,,57,
PC2505,63,F,,,,58,
PC2505,63,F,,,,59,
PC2505,63,F,,,,60,
PC2505,63,F,,,,61,
PC2505,63,F,,,,62,
PC2505,63,F,,,,63,
PB0132,64,C,NA,0,N,50,
PB0132,64,O,1,0,Y,51,
PB0132,64,O,1,0,Y,52,
PB0132,64,O,1,0,Y,53,
PB0132,64,F,,,,54,
PB0132,64,F,,,,55,
PB0132,64,F,,,,56,
PB0132,64,F,,,,57,
PB0132,64,FR,,,,58,
PB0132,64,FR,,,,59,
PB0132,64,FR,,,,60,
PB0132,64,FR,,,,61,
PB0132,64,FR,,,,62,
PB0132,64,FR,,,,63,
PB0196,64,C,,,,54,
PB0196,64,O,1,0,Y,55,
PB0196,64,O,1,0,Y,56,
PB0196,64,O,1,0,Y,57,
PB0196,64,F,,,,58,
PB0196,64,F,,,,59,
PB0196,64,F,,,,60,
PB0196,64,FR,,,,61,
PB0196,64,FR,,,,62,
PB0196,64,FR,,,,63,
PB2502,65,C,,,,54,
PB2502,65,C,,,,55,
PB2502,65,O,1,0,Y,56,
PB2502,65,O,2,0,Y,57,
PB2502,65,O,4,0,N,58,
PB2502,65,O,4,0,N,59,
PB2502,65,O,4,0,N,60,
PB2502,65,O,4,0,N,61,
PB2502,65,O,4,0,N,62,
PB2502,65,O,4,0,N,63,
PC0271,65,O,1,0,Y,49,
PC0271,65,O,1,0,Y,50,
PC0271,65,F,NA,NA,NA,51,
PC0271,65,F,,,,52,
PC0271,65,F,,,,54,
PC0271,65,F,,,,55,
PC0271,65,F,,,,56,
PC0271,65,F,,,,57,
PC0271,65,F,,,,58,EATEN
PC0271,65,F,,,,59,
PC0271,65,F,,,,60,
PC0271,65,F,,,,61,
PC0271,65,F,,,,62,
PC0271,65,F,,,,63,
PB0484,66,O,1,0,Y,48,
PB0484,66,O,1,0,Y,49,
PB0484,66,F,NA,NA,NA,50,
PB0484,66,F,NA,NA,NA,51,
PB0484,66,F,,,,52,
PB0484,66,F,,,,53,
PB0484,66,F,,,,54,
PB0484,66,FR,,,,55,
PB0484,66,FR,,,,56,
PB0484,66,FR,,,,57,
PB0484,66,FR,,,,58,
PB0484,66,FR,,,,59,
PB0484,66,FR,,,,60,
PB0484,66,FR,,,,61,
PB0484,66,FR,,,,62,
PB0484,66,FR,,,,63,
PB2595,66,O,1,0,Y,50,
PB2595,66,O,1,0,Y,51,
PB2595,66,O,1,0,Y,52,
PB2595,66,O,1,0,Y,53,
PB2595,66,O,4,0,N,54,
PB2595,66,O,4,0,N,55,
PB2595,66,O,4,0,N,56,
PB2595,66,O,4,0,N,57,
PB2595,66,F,,,,58,
PB2595,66,O,4,0,N,59,
PB2595,66,O,4,0,N,60,
PB2595,66,O,4,0,N,61,
PB2595,66,O,4,0,N,62,
PB2595,66,O,4,0,N,63,
PC0259,66,O,1,0,Y,48,
PC0259,66,O,1,0,Y,49,PLANT VISITED BY BEE
PC0259,66,O,1,0,Y,50,
PC0259,66,F,NA,NA,NA,51,
PC0259,66,F,,,,52,
PC0259,66,F,,,,53,
PC0259,66,F,,,,54,
PC0259,66,F,,,,55,
PC0259,66,F,,,,56,
PC0259,66,F,,,,57,
PC0259,66,F,,,,58,
PC0259,66,F,,,,59,
PC0259,66,FR,,,,60,MISMATCH
PC0259,66,F,,,,61,MISMATCH
PC0259,66,FR,,,,62,MISMATCH
PC0259,66,F,,,,63,MISMATCH
PB0498,67,O,1,0,Y,49,
PB0498,67,O,1,0,Y,50,
PB0498,67,O,1,0,Y,51,
PB0498,67,F,,,,52,
PB0498,67,F,,,,53,
PB0498,67,F,,,,54,
PB0498,67,FR,,,,55,
PB0498,67,FR,,,,56,
PB0498,67,FR,,,,57,
PB0498,67,FR,,,,58,
PB0498,67,FR,,,,59,
PB0498,67,FR,,,,60,
PB0498,67,FR,,,,61,
PB0498,67,FR,,,,62,
PB0498,67,FR,,,,63,
PB1834,67,C,,,,54,
PB2880,67,O,1,0,Y,48,
PB2880,67,O,1,0,Y,49,
PB2880,67,O,1,0,Y,50,
PB2880,67,O,1,0,Y,51,
PB2880,67,F,,,,52,
PB2880,67,F,,,,53,
PB2880,67,F,,,,54,
PB2880,67,F,,,,55,
PB2880,67,F,,,,56,
PB2880,67,FR,,,,57,
PB2880,67,FR,,,,58,
PB2880,67,FR,,,,59,
PB2880,67,FR,,,,60,
PB2880,67,FR,,,,61,
PB2880,67,FR,,,,62,
PB2880,67,FR,,,,63,
PA1851,68,C,,,,52,
PA1851,68,C,,,,54,
PA1851,68,C,,,,55,
PA1851,68,F,,,,56,
PA1851,68,F,,,,57,
PA1851,68,F,,,,58,
PA1851,68,F,,,,59,
PA1851,68,F,,,,60,
PA1851,68,F,,,,61,
PA1851,68,F,,,,62,
PA1851,68,F,,,,63,
PB0193,68,O,1,0,Y,54,
PB0193,68,O,1,0,Y,55,
PB0193,68,O,1,0,Y,56,
PB0193,68,O,1,0,Y,57,
PB0193,68,F,,,,58,
PB0193,68,F,,,,59,
PB0193,68,F,,,,60,
PB0193,68,FR,,,,61,
PB0193,68,FR,,,,62,
PB0193,68,FR,,,,63,
PC0210,68,C,NA,2,N,48,
PC0210,68,O,1,0,Y,49,
PC0210,68,O,1,0,Y,50,
PC0210,68,O,2,1,Y,51,
PC0210,68,F,,,,52,
PC0210,68,F,,,,53,
PC0210,68,F,,,,54,
PC0210,68,F,,,,55,
PC0210,68,FR,,,,56,
PC0210,68,FR,,,,57,
PC0210,68,FR,,,,58,
PC0210,68,FR,,,,59,
PC0210,68,FR,,,,60,
PC0210,68,FR,,,,61,
PC0210,68,FR,,,,62,
PC0210,68,FR,,,,63,
PC0156,69,C,,,,54,
PC0156,69,C,,,,55,
PC0156,69,O,1,0,Y,56,
PC0156,69,O,1,0,Y,57,
PC0156,69,O,1,0,Y,58,
PC0156,69,F,,,,59,
PC0156,69,O,4,0,N,60,
PC0156,69,F,,,,61,
PC0156,69,FR,,,,62,
PC0156,69,FR,,,,63,
PC1913,69,C,NA,0,N,49,
PC1913,69,O,1,0,Y,50,
PC1913,69,O,1,0,Y,51,
PC1913,69,F,,,,52,
PC1913,69,F,,,,53,
PC1913,69,F,,,,54,
PC1913,69,F,,,,55,
PC1913,69,F,,,,56,
PC1913,69,F,,,,57,
PC1913,69,F,,,,58,
PC1913,69,F,,,,59,
PC1913,69,F,,,,60,EATEN
PC1913,69,F,,,,61,
PC1913,69,F,,,,62,
PC1913,69,F,,,,63,
PB0392,70,O,1,0,Y,48,
PB0392,70,O,1,0,Y,49,
PB0392,70,O,1,0,Y,50,
PB0392,70,O,2,0,Y,51,
PB0392,70,O,2,0,Y,52,
PB0392,70,F,,,,53,"BROKEN BRANCH, REMOVED"
PB0445,70,C,NA,0,N,48,
PB0445,70,O,1,0,Y,49,
PB0445,70,O,1,0,Y,50,
PB0445,70,O,2,0,Y,51,
PB0445,70,F,,,,52,
PB0445,70,F,,,,53,
PB0445,70,F,,,,54,
PB0445,70,F,,,,55,
PB0445,70,F,,,,56,
PB0445,70,F,,,,57,
PB0445,70,F,,,,58,
PB0445,70,F,,,,59,
PB0445,70,F,,,,60,
PB0445,70,F,,,,61,
PB0445,70,F,,,,62,
PB0445,70,F,,,,63,
PB0484,70,O,1,0,Y,54,
PB0484,70,O,1,0,Y,55,
PB0484,70,F,,,,56,
PB0484,70,F,,,,57,
PB0484,70,F,,,,58,
PB0484,70,F,,,,59,
PB0484,70,F,,,,60,
PB0484,70,F,,,,61,
PB0484,70,F,,,,62,
PB0484,70,F,,,,63,
PB0498,70,O,1,0,Y,48,
PB0498,70,O,1,0,Y,49,
PB0498,70,O,1,0,Y,50,ROBBED BEE
PB0498,70,F,NA,NA,NA,51,
PB0498,70,F,,,,52,
PB0498,70,F,,,,53,
PB0498,70,F,,,,54,
PB0498,70,FR,,,,55,
PB0498,70,FR,,,,56,
PB0498,70,FR,,,,57,
PB0498,70,FR,,,,58,
PB0498,70,FR,,,,59,
PB0498,70,FR,,,,60,
PB0498,70,FR,,,,61,
PB0498,70,FR,,,,62,
PB0498,70,FR,,,,63,
PA0341,71,O,1,1,Y,48,
PA0341,71,O,1,1,Y,49,
PA0341,71,O,3,0,N,50,
PA0341,71,O,3,0,N,51,
PA0341,71,O,4,0,N,52,
PA0341,71,O,4,0,N,54,
PA0341,71,O,4,0,N,55,
PA0341,71,O,4,0,N,56,
PA0341,71,O,4,0,N,57,
PA0341,71,O,4,0,N,58,
PA0341,71,O,4,0,N,59,
PA0341,71,O,4,0,N,60,
PA0341,71,O,4,0,N,61,
PA0341,71,O,4,0,N,62,
PA0341,71,O,4,0,N,63,
PB2502,71,C,,,,54,
PB2502,71,O,1,0,Y,55,
PB2502,71,O,1,0,Y,56,
PB2502,71,O,3,2,N,57,
PB2502,71,O,4,0,N,58,
PB2502,71,O,4,0,N,59,
PB2502,71,O,4,0,N,60,
PB2502,71,O,4,0,N,61,
PB2502,71,O,4,0,N,62,
PB2502,71,O,4,0,N,63,
PB2880,71,C,NA,0,N,48,
PB2880,71,O,1,0,Y,49,
PB2880,71,F,NA,NA,NA,50,
PB2880,71,F,NA,NA,NA,51,
PB2880,71,F,,,,52,
PB2880,71,F,,,,53,
PB2880,71,F,,,,54,
PB2880,71,F,,,,55,
PB2880,71,F,,,,56,
PB2880,71,F,,,,57,
PB2880,71,F,,,,58,
PB2880,71,F,,,,59,
PB2880,71,F,,,,60,
PB2880,71,F,,,,61,
PB2880,71,F,,,,62,
PB2880,71,F,,,,63,
PA2485,72,C,,,,52,
PA2485,72,O,1,0,Y,53,
PA2485,72,O,1,0,Y,54,
PA2485,72,O,4,0,N,55,
PA2485,72,O,4,0,N,56,
PA2485,72,O,4,0,N,57,
PA2485,72,O,4,0,N,58,O3 CHANGED TO O4
PA2485,72,O,4,0,N,59,
PA2485,72,O,4,0,N,60,
PA2485,72,O,4,0,N,61,
PA2485,72,O,4,0,N,62,
PA2485,72,O,4,0,N,63,
PB0445,72,C,NA,0,N,48,
PB0445,72,O,1,0,Y,49,
PB0445,72,O,1,0,Y,50,
PB0445,72,O,2,0,Y,51,
PB0445,72,F,,,,52,
PB0445,72,F,,,,53,
PB0445,72,F,,,,54,
PB0445,72,F,,,,55,
PB0445,72,F,,,,56,
PB0445,72,F,,,,57,
PB0445,72,FR,,,,58,
PB0445,72,FR,,,,59,
PB0445,72,FR,,,,60,
PB0445,72,FR,,,,61,
PB0445,72,FR,,,,62,
PB0445,72,FR,,,,63,
PC0246,72,O,1,0,Y,48,
PC0246,72,O,1,0,Y,49,
PC0246,72,O,1,0,Y,50,
PC0246,72,F,NA,NA,NA,51,
PC0246,72,F,,,,52,
PC0246,72,F,,,,53,
PC0246,72,F,,,,54,
PC0246,72,F,,,,55,
PC0246,72,F,,,,56,
PC0246,72,F,,,,57,
PC0246,72,F,,,,58,
PC0246,72,F,,,,59,
PC0246,72,F,,,,60,
PC0246,72,F,,,,61,
PC0246,72,F,,,,62,
PC0246,72,FR,,,,63,
PC1925,72,C,,,,54,
PC1925,72,C,,,,55,
PC1925,72,O,1,0,Y,56,
PC1925,72,O,1,0,Y,57,
PC1925,72,O,1,0,Y,58,
PC1925,72,O,1,0,Y,59,
PC1925,72,F,,,,60,
PC1925,72,F,,,,61,
PC1925,72,F,,,,62,
PC1925,72,FR,,,,63,
PB0345,73,C,,,,54,
PB0345,73,O,1,0,Y,55,
PB0345,73,O,1,0,Y,56,
PB0345,73,O,2,0,Y,57,
PB0345,73,F,,,,58,
PB0345,73,F,,,,59,
PB0345,73,F,,,,60,
PB0345,73,F,,,,61,
PB0345,73,FR,,,,62,
PB0345,73,FR,,,,63,
PB4298,73,C,NA,0,N,48,
PB4298,73,O,1,1,Y,49,
PB4298,73,O,1,1,Y,50,
PB4298,73,F,NA,NA,NA,51,
PB4298,73,F,,,,52,
PB4298,73,F,,,,53,
PB4298,73,F,,,,54,
PB4298,73,F,,,,55,
PB4298,73,F,,,,56,
PB4298,73,FR,,,,57,
PB4298,73,FR,,,,58,
PB4298,73,FR,,,,59,
PB4298,73,FR,,,,60,
PB4298,73,FR,,,,61,
PB4298,73,FR,,,,62,
PB4298,73,FR,,,,63,
PC0061,73,O,1,0,Y,52,
PC0061,73,O,1,0,Y,53,
PC0061,73,O,1,0,Y,54,O4 CHANGED TO O1
PC0061,73,O,1,0,Y,55,
PC0061,73,O,4,0,N,56,
PC0061,73,O,4,0,N,57,
PC0061,73,O,4,0,N,58,
PC0061,73,O,4,0,N,59,
PC0061,73,O,4,0,N,60,
PC0061,73,O,4,0,N,61,
PC0061,73,O,4,0,N,62,
PC0061,73,O,4,0,N,63,
PC0070,74,O,1,0,Y,49,ROBBED BEE
PC0070,74,O,1,0,Y,50,
PC0070,74,O,1,0,Y,51,
PC0070,74,F,,,,52,
PC0070,74,F,,,,53,
PC0070,74,F,,,,54,
PC0070,74,F,,,,55,
PC0070,74,F,,,,56,
PC0070,74,FR,,,,57,
PC0070,74,FR,,,,58,
PC0070,74,F,,,,59,
PC0070,74,FR,,,,60,
PC0070,74,FR,,,,61,
PC0070,74,FR,,,,62,
PC0070,74,FR,,,,63,
PC0250,74,O,1,0,Y,48,
PC0250,74,O,1,0,Y,49,
PC0250,74,F,NA,NA,NA,50,
PC0250,74,F,NA,NA,NA,51,
PC0250,74,F,,,,52,
PC0250,74,F,,,,53,
PC0250,74,F,,,,54,
PC0250,74,F,,,,55,
PC0250,74,F,,,,56,
PC0250,74,F,,,,57,
PC0250,74,F,,,,58,
PC0250,74,F,,,,59,
PC0250,74,F,,,,60,
PC0250,74,F,,,,61,
PC0250,74,F,,,,62,
PC0250,74,F,,,,63,
PC1906,74,C,,,,54,
PC1906,74,O,1,0,Y,55,
PC1906,74,O,1,0,Y,56,
PC1906,74,O,1,0,Y,57,
PC1906,74,F,,,,58,
PC1906,74,F,,,,59,
PC1906,74,F,,,,60,
PC1906,74,F,,,,61,
PC1906,74,FR,,,,62,
PC1906,74,FR,,,,63,
PA0341,75,C,,,,54,
PA0341,75,O,1,0,Y,55,
PA0341,75,O,1,0,Y,56,
PA0341,75,O,1,0,Y,57,
PA0341,75,F,,,,58,
PA0341,75,F,,,,59,
PA0341,75,F,,,,60,
PA0341,75,F,,,,61,
PA0341,75,F,,,,62,MISMATCH CHANGED FR TO F
PA0341,75,F,,,,63,
PC0035,75,C,NA,0,N,48,
PC0035,75,O,1,0,Y,49,
PC0035,75,O,1,0,Y,50,
PC0035,75,F,NA,NA,NA,51,
PC0035,75,F,,,,52,
PC0035,75,F,,,,53,
PC0035,75,F,,,,54,
PC0035,75,F,,,,55,
PC0035,75,F,,,,56,
PC0035,75,F,,,,57,
PC0035,75,F,,,,58,
PC0035,75,F,,,,59,
PC0035,75,F,,,,60,
PC0035,75,F,,,,61,
PC0035,75,F,,,,62,
PC0035,75,F,,,,63,
PB0484,76,O,1,0,Y,48,
PB0484,76,F,NA,NA,NA,49,
PB0484,76,F,NA,NA,NA,50,
PB0484,76,F,NA,NA,NA,51,
PB0484,76,F,,,,52,
PB0484,76,F,,,,53,
PB0484,76,F,,,,54,
PB0484,76,F,,,,55,
PB0484,76,F,,,,56,
PB0484,76,F,,,,57,
PB0484,76,F,,,,58,
PB0484,76,F,,,,59,
PB0484,76,F,,,,60,
PB0484,76,F,,,,61,
PB0484,76,F,,,,62,
PB0484,76,F,,,,63,
PB0498,76,C,,,,54,
PB0498,76,O,1,0,Y,55,
PB0498,76,O,1,0,Y,56,
PB0498,76,O,1,0,Y,57,
PB0498,76,F,,,,58,
PB0498,76,F,,,,59,
PB0498,76,F,,,,60,
PB0498,76,F,,,,61,
PB0498,76,F,,,,62,MISMATCH CHANGED FR TO F
PB0498,76,F,,,,63,
PB0526,76,O,1,0,Y,49,
PB0526,76,O,1,0,Y,50,
PB0526,76,O,2,0,Y,51,
PB0526,76,O,2,0,Y,52,
PB0526,76,F,,,,53,
PB0526,76,F,,,,54,
PB0526,76,F,,,,55,
PB0526,76,F,,,,56,
PC2523,76,C,,,,52,
PC2523,76,O,1,0,Y,53,
PC2523,76,O,1,0,Y,54,
PC2523,76,O,1,0,Y,55,
PC2523,76,O,1,0,Y,56,
PC2523,76,F,,,,57,
PC2523,76,F,,,,58,
PC2523,76,F,,,,59,
PC2523,76,FR,,,,60,
PC2523,76,FR,,,,61,
PC2523,76,FR,,,,62,
PC2523,76,FR,,,,63,
PB0451,77,O,1,1,Y,48,
PB0451,77,F,NA,NA,NA,49,
PB0451,77,F,NA,NA,NA,50,
PB0451,77,F,NA,NA,NA,51,
PB0451,77,F,,,,52,
PB0451,77,F,,,,53,
PB0451,77,F,,,,54,
PB0451,77,F,,,,55,
PB0451,77,F,,,,56,
PB0451,77,F,,,,57,
PB0451,77,F,,,,58,
PB0451,77,F,,,,59,
PB0451,77,F,,,,60,
PB0451,77,F,,,,61,
PB0451,77,F,,,,62,
PB0451,77,F,,,,63,
PB0761,77,O,1,0,Y,48,
PB0761,77,O,1,0,Y,49,
PB0761,77,O,1,0,Y,50,
PB0761,77,F,NA,NA,NA,51,
PB0761,77,F,,,,52,
PB0761,77,F,,,,53,
PB0761,77,F,,,,54,
PB0761,77,F,,,,55,
PB0761,77,F,,,,56,
PB0761,77,FR,,,,57,
PB0761,77,FR,,,,58,
PB0761,77,FR,,,,59,
PB0761,77,FR,,,,60,
PB0761,77,FR,,,,61,
PB0761,77,FR,,,,62,
PB0761,77,FR,,,,63,
PC1906,77,C,,,,54,
PC1906,77,C,,,,55,
PC1906,77,O,1,0,Y,56,
PC1906,77,F,,,,57,
PC1906,77,F,,,,58,
PC1906,77,F,,,,59,
PC1906,77,F,,,,60,
PC1906,77,F,,,,61,
PC1906,77,F,,,,62,
PC1906,77,FR,,,,63,
PC2511,77,O,1,0,Y,54,
PC2511,77,O,1,0,Y,55,
PC2511,77,F,,,,56,
PC2511,77,F,,,,57,
PC2511,77,F,,,,58,
PC2511,77,FR,,,,59,
PC2511,77,FR,,,,60,
PC2511,77,FR,,,,61,
PC2511,77,FR,,,,62,
PC2511,77,FR,,,,63,
PB0200,78,C,NA,0,N,48,
PB0200,78,O,1,0,Y,49,
PB0200,78,O,1,0,Y,50,
PB0200,78,O,1,0,Y,51,
PB0200,78,O,1,0,Y,52,
PB0200,78,O,1,0,Y,53,
PB0200,78,F,,,,54,
PB0200,78,F,,,,55,
PB0200,78,F,,,,56,
PB0200,78,F,,,,57,
PB0200,78,F,,,,58,
PB0200,78,F,,,,59,
PB0200,78,F,,,,60,
PB0200,78,F,,,,61,
PB0200,78,F,,,,62,
PB0200,78,F,,,,63,
PC0080,78,C,,,,54,
PC0080,78,O,1,0,Y,55,
PC0080,78,O,1,0,Y,56,
PC0080,78,O,1,0,Y,57,
PC0080,78,F,,,,58,
PC0080,78,F,,,,59,
PC0080,78,F,,,,60,
PC0080,78,F,,,,61,
PC0080,78,FR,,,,62,
PC0080,78,FR,,,,63,
PB2880,79,C,,,,54,
PB2880,79,O,1,0,Y,55,
PB2880,79,O,1,0,Y,56,
PB2880,79,O,1,0,Y,57,
PB2880,79,F,,,,58,
PB2880,79,F,,,,59,
PB2880,79,F,,,,60,
PB2880,79,F,,,,61,
PB2880,79,FR,,,,62,
PB2880,79,FR,,,,63,
PC0259,79,C,NA,0,N,48,
PC0259,79,O,1,0,Y,49,PLANT VISITED BY BEE
PC0259,79,O,1,0,Y,50,
PC0259,79,O,2,0,Y,51,
PC0259,79,F,,,,52,
PC0259,79,F,,,,53,
PC0259,79,F,,,,54,
PC0259,79,F,,,,55,
PC0259,79,F,,,,56,
PC0259,79,F,,,,57,
PC0259,79,F,,,,58,
PC0259,79,F,,,,59,
PC0259,79,F,,,,60,
PC0259,79,F,,,,61,
PC0259,79,F,,,,62,
PC0259,79,F,,,,63,
PB0311,81,C,,,,54,
PB0311,81,O,1,0,Y,55,
PB0311,81,O,1,0,Y,56,
PB0311,81,O,2,0,Y,57,
PB0311,81,F,,,,58,
PB0311,81,F,,,,59,
PB0311,81,F,,,,60,
PB0311,81,F,,,,61,
PB0311,81,F,,,,62,
PB0311,81,FR,,,,63,
PB4298,81,C,NA,0,N,48,
PB4298,81,O,1,1,Y,49,
PB4298,81,O,1,0,Y,50,
PB4298,81,F,NA,NA,NA,51,
PB4298,81,F,,,,52,
PB4298,81,F,,,,53,
PB4298,81,F,,,,54,
PB4298,81,F,,,,55,
PB4298,81,FR,,,,56,
PB4298,81,F,,,,57,
PB4298,81,F,,,,58,
PB4298,81,F,,,,59,
PB4298,81,F,,,,60,
PB4298,81,F,,,,61,
PB4298,81,F,,,,62,
PB4298,81,F,,,,63,
PC0203,81,C,NA,0,N,50,
PC0203,81,O,1,0,Y,51,
PC0203,81,O,1,0,Y,52,
PC0203,81,O,1,0,Y,53,
PC0203,81,F,,,,54,
PC0203,81,F,,,,55,
PC0203,81,F,,,,56,
PC0203,81,FR,,,,57,
PC0203,81,FR,,,,58,
PC0203,81,FR,,,,59,
PC0203,81,FR,,,,60,
PC0203,81,FR,,,,61,
PC0203,81,FR,,,,62,
PC0203,81,FR,,,,63,
PC0242,81,O,1,0,Y,48,
PC0242,81,O,2,0,Y,49,
PC0242,81,O,2,2,Y,50,Changed Age 1 to 2
PC0242,81,F,NA,NA,NA,51,
PC0242,81,F,,,,52,
PC0242,81,F,,,,54,
PC0242,81,F,,,,55,
PC0242,81,F,,,,56,
PC0242,81,F,,,,57,
PC0242,81,F,,,,58,
PC0242,81,F,,,,59,
PC0242,81,F,,,,60,
PC0242,81,F,,,,61,
PC0242,81,F,,,,62,
PC0242,81,FR,,,,63,
PC0190,82,C,,,,54,
PC0190,82,O,1,0,Y,55,
PC0190,82,O,1,0,Y,56,
PC0190,82,O,1,0,Y,57,
PC0190,82,F,,,,58,
PC0190,82,F,,,,59,
PC0190,82,F,,,,60,
PC0190,82,F,,,,61,
PC0190,82,FR,,,,62,
PC0190,82,FR,,,,63,
PB0351,83,C,NA,0,N,49,
PB0351,83,O,1,0,Y,50,
PB0351,83,O,1,0,Y,51,
PB0351,83,F,,,,52,
PB0351,83,F,,,,53,
PB0351,83,F,,,,54,
PB0351,83,F,,,,55,
PB0351,83,F,,,,56,
PB0351,83,F,,,,57,
PB0351,83,F,,,,58,
PB0351,83,F,,,,59,
PB0351,83,F,,,,60,
PB0351,83,F,,,,61,
PB0351,83,F,,,,62,
PB0351,83,F,,,,63,
PC0080,83,O,1,0,Y,54,
PC0080,83,O,1,0,Y,55,
PC0080,83,O,1,0,Y,56,
PC0080,83,F,,,,57,
PC0080,83,F,,,,58,
PC0080,83,F,,,,59,
PC0080,83,F,,,,60,
PC0080,83,F,,,,61,
PC0080,83,FR,,,,62,
PC0080,83,FR,,,,63,
PC0211,83,O,1,0,Y,52,
PC0211,83,O,1,0,Y,53,
PC0211,83,O,1,0,Y,54,
PC0211,83,O,1,0,Y,55,
PC0211,83,O,4,0,N,56,
PC0211,83,O,4,0,N,57,
PC0211,83,O,4,0,N,58,
PC0211,83,O,4,0,N,59,
PC0211,83,O,4,0,N,60,
PC0211,83,O,4,0,N,61,
PC0211,83,O,4,0,N,62,
PC0211,83,O,4,0,N,63,
PA2417,84,C,,,,54,
PA2417,84,O,1,0,Y,55,
PA2417,84,O,1,0,Y,56,
PA2417,84,F,,,,57,
PA2417,84,F,,,,58,
PA2417,84,F,,,,59,
PA2417,84,F,,,,60,
PA2417,84,F,,,,61,
PA2417,84,F,,,,62,
PA2417,84,F,,,,63,
PB0381,84,O,1,0,Y,52,
PB0381,84,O,1,0,Y,53,
PB0381,84,O,1,0,Y,54,
PB0381,84,O,1,0,Y,55,
PB0381,84,O,1,0,Y,56,
PB0381,84,F,,,,57,
PB0381,84,F,,,,58,
PB0381,84,F,,,,59,
PB0381,84,FR,,,,60,
PB0381,84,FR,,,,61,
PB0381,84,FR,,,,62,
PB0381,84,FR,,,,63,
PB0193,85,C,,,,52,
PB0193,85,O,1,0,Y,53,
PB0193,85,O,1,0,Y,54,
PB0193,85,O,1,0,Y,55,
PB0193,85,O,1,0,Y,56,
PB0193,85,O,1,0,Y,57,
PB0193,85,F,,,,58,
PB0193,85,F,,,,59,
PB0193,85,F,,,,60,
PB0193,85,FR,,,,61,
PB0193,85,FR,,,,62,
PB0193,85,FR,,,,63,
PB1821,85,O,1,0,Y,54,SMALL FLOWER
PB1821,85,O,1,0,Y,55,
PB1821,85,O,2,0,Y,56,
PB1821,85,O,4,0,N,57,
PB1821,85,O,4,0,N,58,
PB1821,85,O,4,0,N,59,
PB1821,85,O,4,0,N,60,
PB1821,85,O,4,0,N,61,
PB1821,85,O,4,0,N,62,
PB1821,85,O,4,0,N,63,
PC0230,85,O,1,0,Y,50,
PC0230,85,O,1,0,Y,51,
PC0230,85,O,1,0,Y,52,
PC0230,85,O,1,0,Y,53,
PC0230,85,F,,,,54,
PC0230,85,F,,,,55,
PC0230,85,F,,,,56,
PC0230,85,F,,,,57,
PC0230,85,F,,,,58,
PC0230,85,FR,,,,59,
PC0230,85,FR,,,,60,
PC0230,85,FR,,,,61,
PC0230,85,FR,,,,62,
PC0230,85,FR,,,,63,
PB1834,86,O,1,0,Y,54,
PC0224,86,C,NA,0,N,48,
PC0224,86,O,1,0,Y,49,
PC0224,86,O,1,0,Y,50,
PC0224,86,O,1,0,Y,51,
PC0224,86,F,,,,52,
PC0224,86,F,,,,53,
PC0224,86,F,,,,54,
PC0224,86,F,,,,55,
PC0224,86,F,,,,56,
PC0224,86,F,,,,57,
PC0224,86,F,,,,58,
PC0224,86,FR,,,,59,
PC0224,86,FR,,,,60,
PC0224,86,FR,,,,61,
PC0224,86,FR,,,,62,
PC0224,86,F,,,,63,CHECK
PB0484,87,O,1,0,Y,54,
PB0484,87,O,1,0,Y,55,
PB0484,87,O,1,0,Y,56,
PB0484,87,F,,,,57,
PB0484,87,F,,,,58,
PB0484,87,F,,,,59,
PB0484,87,F,,,,60,
PB0484,87,F,,,,61,
PB0484,87,F,,,,62,
PB0484,87,FR,,,,63,
PB0435,88,C,NA,0,N,48,
PB0435,88,O,1,2,Y,49,
PB0435,88,O,1,0,Y,50,
PB0435,88,O,2,0,Y,51,
PB0435,88,O,2,1,Y,52,
PB0435,88,O,4,0,N,53,
PB0435,88,O,4,0,N,54,
PB0435,88,O,4,0,N,55,
PB0435,88,O,4,0,N,56,
PB0435,88,FR,,,,57,
PB0435,88,FR,,,,58,
PB0435,88,FR,,,,59,
PB0435,88,FR,,,,60,
PB0435,88,FR,,,,61,
PB0435,88,FR,,,,62,
PB0435,88,FR,,,,63,
PC0002,88,C,,,,54,
PC0002,88,O,1,0,Y,55,
PC0002,88,O,1,0,Y,56,
PC0002,88,F,,,,57,
PC0002,88,F,,,,58,"stem snap,remove"
PB0279,89,C,NA,0,N,48,
PB0279,89,O,1,0,Y,49,BEE VISIT
PB0279,89,O,1,0,Y,50,
PB0279,89,O,2,0,Y,51,
PB0279,89,F,,,,52,
PB0279,89,F,,,,53,
PB0279,89,F,,,,54,
PB0279,89,F,,,,55,
PB0279,89,FR,,,,56,
PB0279,89,FR,,,,57,
PB0279,89,FR,,,,58,
PB0279,89,FR,,,,59,
PB0279,89,FR,,,,60,
PB0279,89,FR,,,,61,
PB0279,89,FR,,,,62,
PB0279,89,FR,,,,63,
PC0143,89,O,1,0,Y,54,
PC0143,89,O,1,0,Y,55,
PC0143,89,O,1,0,Y,56,
PC0143,89,O,2,0,Y,57,
PC0143,89,O,3,0,N,58,
PC0143,89,O,4,0,N,59,
PC0143,89,F,,,,60,
PC0143,89,FR,,,,61,
PC0143,89,FR,,,,62,
PC0143,89,FR,,,,63,
PC0250,89,O,1,0,Y,48,
PC0250,89,F,NA,NA,NA,49,
PC0250,89,F,NA,NA,NA,50,
PC0250,89,F,NA,NA,NA,51,
PC0250,89,F,,,,52,
PC0250,89,F,,,,53,
PC0250,89,F,,,,54,
PC0250,89,F,,,,55,
PC0250,89,F,,,,56,
PC0250,89,F,,,,57,
PC0250,89,F,,,,58,
PC0250,89,F,,,,59,
PC0250,89,F,,,,60,
PC0250,89,F,,,,61,
PC0250,89,F,,,,62,
PC0250,89,F,,,,63,
PB0498,90,O,1,0,Y,48,
PB0498,90,O,1,0,Y,49,
PB0498,90,O,1,0,Y,50,
PB0498,90,O,1,0,Y,51,
PB0498,90,F,,,,52,
PB0498,90,F,,,,53,
PB0498,90,F,,,,54,
PB0498,90,F,,,,55,
PB0498,90,FR,,,,56,
PB0498,90,FR,,,,57,
PB0498,90,FR,,,,58,MISMATCH CHANGED FR TO F
PB0498,90,FR,,,,59,
PB0498,90,FR,,,,60,
PB0498,90,FR,,,,61,
PB0498,90,FR,,,,62,
PB0498,90,FR,,,,63,
PB0136,91,C,,,,54,
PB0136,91,O,1,0,Y,55,
PB0136,91,O,1,2,Y,56,
PB0136,91,O,1,2,Y,57,
PB0136,91,O,1,2,Y,58,
PB0136,91,F,,,,59,
PB0136,91,F,,,,60,
PB0136,91,F,,,,61,
PB0136,91,FR,,,,62,
PB0136,91,FR,,,,63,
PB0279,91,C,NA,0,N,48,
PB0279,91,O,1,1,Y,49,PLANT VISITED BY BEE
PB0279,91,O,1,1,Y,50,
PB0279,91,F,NA,NA,NA,51,
PB0279,91,F,,,,52,
PB0279,91,F,,,,53,
PB0279,91,F,,,,54,
PB0279,91,F,,,,55,
PB0279,91,FR,,,,56,
PB0279,91,FR,,,,57,
PB0279,91,FR,,,,58,
PB0279,91,FR,,,,59,
PB0279,91,FR,,,,60,
PB0279,91,FR,,,,61,
PB0279,91,FR,,,,62,
PB0279,91,FR,,,,63,
PC0224,91,C,NA,,N,48,
PC0224,91,O,1,0,Y,49,
PC0224,91,O,1,0,Y,50,
PC0224,91,O,1,0,Y,51,
PC0224,91,F,,,,52,
PC0224,91,F,,,,53,
PC0224,91,F,,,,54,
PC0224,91,F,,,,55,
PC0224,91,F,,,,56,
PC0224,91,F,,,,57,
PC0224,91,F,,,,58,
PC0224,91,F,,,,59,
PC0224,91,F,,,,60,
PC0224,91,F,,,,61,
PC0224,91,F,,,,62,
PC0224,91,F,,,,63,
PC0239,91,O,1,0,Y,48,
PC0239,91,O,1,2,Y,49,
PC0239,91,O,1,2,Y,50,
PC0239,91,F,NA,NA,NA,51,
PC0239,91,F,,,,52,
PC0239,91,F,,,,53,
PC0239,91,F,,,,54,
PC0239,91,F,,,,55,
PC0239,91,FR,,,,56,
PC0239,91,FR,,,,57,
PC0239,91,FR,,,,58,
PC0239,91,FR,,,,59,
PC0239,91,FR,,,,60,
PC0239,91,FR,,,,61,
PC0239,91,FR,,,,62,
PC0239,91,FR,,,,63,
PB0498,92,C,NA,0,N,48,
PB0498,92,O,1,0,Y,49,
PB0498,92,O,1,0,Y,50,ROBBED BEE
PB0498,92,O,1,1,Y,51,
PB0498,92,F,,,,52,
PB0498,92,F,,,,53,
PB0498,92,F,,,,54,
PB0498,92,F,,,,55,
PB0498,92,F,,,,56,
PB0498,92,F,,,,57,
PB0498,92,F,,,,58,
PB0498,92,F,,,,59,
PB0498,92,F,,,,60,
PB0498,92,F,,,,61,
PB0498,92,F,,,,62,
PB0498,92,F,,,,63,
PB3886,92,O,1,0,Y,50,
PB3886,92,O,1,0,Y,51,
PB3886,92,O,1,0,Y,52,
PB3886,92,F,,,,53,
PB3886,92,F,,,,53,
PB3886,92,F,,,,54,
PB3886,92,F,,,,55,
PB3886,92,F,,,,56,
PB3886,92,FR,,,,57,
PB3886,92,FR,,,,58,
PB3886,92,FR,,,,59,
PB3886,92,FR,,,,60,
PB3886,92,FR,,,,61,
PB3886,92,FR,,,,62,
PB3886,92,FR,,,,63,
PC0052,92,O,1,0,Y,49,
PC0052,92,O,1,0,Y,50,
PC0052,92,O,1,0,Y,51,
PC0052,92,O,1,0,Y,52,
PC0052,92,O,3,0,N,53,
PC0052,92,O,4,0,N,54,
PC0052,92,O,4,0,N,55,MISSING INFO
PC0052,92,O,4,0,N,56,
PC0052,92,O,4,0,N,57,
PC0052,92,FR,,,,58,
PC0052,92,FR,,,,59,
PC0052,92,F,,,,60,
PC0052,92,FR,,,,61,
PC0052,92,FR,,,,62,
PC0052,92,F,,,,63,
PC0156,92,O,1,0,Y,54,
PC0156,92,O,1,0,Y,55,
PC0156,92,O,1,0,Y,56,
PC0156,92,F,,,,57,
PC0156,92,F,,,,58,
PC0156,92,F,,,,59,
PC0156,92,F,,,,60,
PC0156,92,FR,,,,61,
PC0156,92,FR,,,,62,
PC0156,92,FR,,,,63,
PB0458,93,C,,,,54,
PB0458,93,O,1,0,Y,55,
PB0458,93,O,1,0,Y,56,
PB0458,93,F,,,,57,
PB0458,93,F,,,,58,
PB0458,93,F,,,,59,
PB0458,93,F,,,,60,
PB0458,93,FR,,,,61,
PB0458,93,FR,,,,62,
PB0458,93,FR,,,,63,
PB4306,93,O,1,0,Y,50,
PB4306,93,O,1,0,Y,51,
PB4306,93,O,1,0,Y,52,MISSING INFO
PB4306,93,F,,,,53,
PB4306,93,F,,,,54,
PB4306,93,F,,,,55,
PB4306,93,F,,,,56,
PB4306,93,F,,,,57,
PB4306,93,F,,,,58,
PB4306,93,F,,,,59,
PB4306,93,F,,,,60,
PB4306,93,F,,,,61,
PB4306,93,F,,,,62,
PB4306,93,F,,,,63,
PB0432,94,C,NA,0,N,48,
PB0432,94,O,1,0,Y,49,DISEASE
PB0432,94,O,1,0,Y,50,
PB0432,94,F,NA,NA,NA,51,
PB0432,94,F,,,,52,
PB0432,94,F,,,,54,
PB0432,94,F,,,,55,
PB0432,94,F,,,,56,
PB0432,94,F,,,,57,
PB0432,94,F,,,,58,
PB0432,94,F,,,,59,
PB0432,94,F,,,,60,
PB0432,94,F,,,,61,
PB0432,94,F,,,,62,
PB0432,94,F,,,,63,
PC0244,94,O,1,0,Y,50,
PC0244,94,O,1,0,Y,51,
PC0244,94,O,1,1,Y,52,
PC0244,94,O,1,0,Y,53,
PC0244,94,O,3,0,N,54,
PC0244,94,O,4,0,N,55,
PC0244,94,O,4,0,N,56,
PC0244,94,O,4,0,N,57,
PC0244,94,FR,,,,58,
PC0244,94,FR,,,,59,
PC0244,94,FR,,,,60,
PC0244,94,FR,,,,61,
PC0244,94,FR,,,,62,
PC0244,94,FR,,,,63,
PC2504,94,C,,,,54,
PC2504,94,O,1,0,Y,55,
PC2504,94,O,1,0,y,56,
PC2504,94,O,1,0,Y,57,
PC2504,94,O,1,0,Y,58,
PC2504,94,F,,,,59,
PC2504,94,F,,,,60,
PC2504,94,F,,,,61,
PC2504,94,FR,,,,62,
PC2504,94,FR,,,,63,
PB0349,95,O,1,0,Y,49,
PB0349,95,O,1,0,Y,50,
PB0349,95,O,1,1,Y,51,
PB0349,95,F,,,,52,
PB0349,95,F,,,,53,
PB0349,95,F,,,,54,
PB0349,95,F,,,,55,
PB0349,95,F,,,,56,
PB0349,95,F,,,,57,
PB0349,95,F,,,,58,
PB0349,95,F,,,,59,
PB0349,95,F,,,,60,
PB0349,95,F,,,,61,
PB0349,95,F,,,,62,
PB0349,95,F,,,,63,
PC0276,95,O,1,0,Y,54,
PC0276,95,O,1,0,Y,55,
PC0276,95,O,1,0,Y,56,
PC0276,95,O,4,0,N,57,
PC0276,95,O,4,0,N,58,
PC0276,95,O,4,0,N,59,
PC0276,95,O,4,0,N,60,
PC0276,95,O,4,0,N,61,MISMATCH CHANGED F TO O4
PC0276,95,O,4,0,N,62,MISMATCH CHANGED F TO O4
PC0276,95,O,4,0,N,63,
PB0200,96,C,,,,52,
PB0200,96,O,1,0,Y,53,
PB0200,96,O,1,0,Y,54,
PB0200,96,F,,,,55,
PB0200,96,F,,,,56,MISMATCH
PB0200,96,F,,,,57,
PB0200,96,F,,,,58,
PB0200,96,F,,,,59,
PB0200,96,F,,,,60,
PB0200,96,F,,,,61,
PB0200,96,F,,,,62,
PB0200,96,F,,,,63,
PB0279,96,C,NA,0,N,48,
PB0279,96,O,1,0,Y,49,BEE VISIT
PB0279,96,O,1,1,Y,50,
PB0279,96,F,NA,NA,NA,51,
PB0279,96,F,,,,52,
PB0279,96,F,,,,53,
PB0279,96,F,,,,54,
PB0279,96,F,,,,55,
PB0279,96,F,,,,56,
PB0279,96,F,,,,57,
PB0279,96,F,,,,58,
PB0279,96,F,,,,59,
PB0279,96,F,,,,60,
PB0279,96,F,,,,61,
PB0279,96,F,,,,62,
PB0279,96,F,,,,63,
PB0761,96,O,1,0,Y,48,
PB0761,96,O,1,0,Y,49,
PB0761,96,O,2,0,Y,50,
PB0761,96,F,NA,NA,NA,51,
PB0761,96,F,,,,52,
PB0761,96,F,,,,53,
PB0761,96,F,,,,54,
PB0761,96,F,,,,55,
PB0761,96,F,,,,56,
PB0761,96,F,,,,57,
PB0761,96,F,,,,58,
PB0761,96,F,,,,59,
PB0761,96,F,,,,60,
PB0761,96,F,,,,61,
PB0761,96,F,,,,62,
PB0761,96,F,,,,63,
PB4713,96,O,1,0,Y,54,
PB4713,96,O,1,0,Y,55,
PB4713,96,O,1,0,Y,56,
PB4713,96,O,1,0,Y,57,
PB4713,96,O,2,1,Y,58,
PB4713,96,F,,,,59,
PB4713,96,F,,,,60,
PB4713,96,F,,,,61,
PB4713,96,F,,,,62,
PB4713,96,F,,,,63,
PC0156,96,O,1,0,Y,49,
PC0156,96,O,1,0,Y,50,
PC0156,96,F,NA,NA,NA,51,
PC0156,96,F,,,,52,
PC0156,96,F,,,,53,
PC0156,96,F,,,,54,
PC0156,96,F,,,,55,
PC0156,96,FR,,,,56,
PC0156,96,FR,,,,57,
PC0156,96,FR,,,,58,
PC0156,96,FR,,,,59,
PC0156,96,FR,,,,60,
PC0156,96,FR,,,,61,
PC0156,96,FR,,,,62,
PC0156,96,FR,,,,63,
PB0349,97,O,1,0,Y,49,
PB0349,97,O,1,0,Y,50,
PB0349,97,F,NA,NA,NA,51,
PB0349,97,F,,,,52,
PB0349,97,F,,,,53,
PB0349,97,F,,,,54,
PB0349,97,F,,,,55,
PB0349,97,F,,,,56,
PB0349,97,F,,,,57,
PB0349,97,F,,,,58,
PB0349,97,F,,,,59,
PB0349,97,F,,,,60,EATEN
PB0349,97,F,,,,61,
PB0349,97,F,,,,62,
PB0349,97,F,,,,63,
PB1834,97,C,,,,54,
PC0003,97,O,1,0,Y,52,
PC0003,97,O,1,0,Y,53,
PC0003,97,O,2,0,N,54,
PC0003,97,O,4,0,N,55,
PC0003,97,O,4,0,N,56,
PC0003,97,F,,,,57,
PC0003,97,F,,,,58,
PC0003,97,F,,,,59,
PC0003,97,F,,,,60,
PC0003,97,F,,,,61,
PC0003,97,F,,,,62,
PC0003,97,F,,,,63,
PB0526,98,O,1,0,Y,50,
PB0526,98,F,NA,NA,NA,51,
PB0526,98,F,,,,52,
PB0526,98,F,,,,53,
PB0526,98,F,,,,54,
PB0526,98,F,,,,55,
PB0526,98,F,,,,56,
PB4713,98,C,,,,54,
PB4713,98,O,1,0,Y,55,
PB4713,98,O,1,0,Y,56,
PB4713,98,O,1,0,Y,57,
PB4713,98,O,2,0,Y,58,
PB4713,98,F,,,,59,
PB4713,98,F,,,,60,
PB4713,98,F,,,,61,
PB4713,98,F,,,,62,
PB4713,98,FR,,,,63,
PC0230,98,O,1,0,Y,48,
PC0230,98,O,1,0,Y,49,
PC0230,98,O,1,0,Y,50,
PC0230,98,F,NA,NA,NA,51,
PC0230,98,F,,,,52,
PC0230,98,F,,,,53,
PC0230,98,F,,,,54,
PC0230,98,F,,,,55,
PC0230,98,FR,,,,56,
PC0230,98,FR,,,,57,
PC0230,98,FR,,,,58,
PC0230,98,FR,,,,59,
PC0230,98,FR,,,,60,
PC0230,98,FR,,,,61,
PC0230,98,FR,,,,62,
PC0230,98,FR,,,,63,
PB0432,99,O,1,1,Y,48,
PB0432,99,O,1,1,Y,49,DISEASE
PB0432,99,O,1,0,Y,50,
PB0432,99,F,NA,NA,NA,51,
PB0432,99,F,,,,52,
PB0432,99,F,,,,54,
PB0432,99,F,,,,55,
PB0432,99,F,,,,56,
PB0432,99,F,,,,57,
PB0432,99,F,,,,58,
PB0432,99,F,,,,59,
PB0432,99,F,,,,60,
PB0432,99,F,,,,61,
PB0432,99,F,,,,62,
PB0432,99,F,,,,63,
PB3408,99,C,,,,54,
PB3408,99,O,1,0,Y,55,
PB3408,99,O,1,0,Y,56,
PB3408,99,O,1,0,Y,57,
PB3408,99,F,,,,58,
PB3408,99,F,,,,59,
PB3408,99,F,,,,60,
PB3408,99,F,,,,61,
PB3408,99,FR,,,,62,
PB3408,99,FR,,,,63,
PC1923,99,C,,,,54,
PC1923,99,O,1,0,Y,55,
PC1923,99,O,1,0,Y,56,
PC1923,99,F,,,,57,
PC1923,99,F,,,,58,
PC1923,99,F,,,,59,
PC1923,99,F,,,,60,
PC1923,99,F,,,,61,
PC1923,99,FR,,,,62,
PC1923,99,FR,,,,63,
PB0351,100,O,1,0,Y,54,MISSING INFO
PB0351,100,O,1,0,Y,55,
PB0351,100,O,1,1,Y,56,
PB0351,100,O,2,1,Y,57,
PB0351,100,F,,,,58,
PB0351,100,F,,,,59,
PB0351,100,F,,,,60,
PB0351,100,F,,,,61,
PB0351,100,FR,,,,62,
PB0351,100,FR,,,,63,
PB0441,100,O,1,0,Y,48,
PB0441,100,O,1,0,Y,49,
PB0441,100,O,1,0,Y,50,
PB0441,100,O,1,0,Y,51,
PB0441,100,O,1,0,Y,52,
PB0441,100,F,,,,53,
PB0441,100,F,,,,54,
PB0441,100,F,,,,55,
PB0441,100,F,,,,56,
PB0441,100,F,,,,57,
PB0441,100,F,,,,58,
PB0441,100,F,,,,59,
PB0441,100,F,,,,60,
PB0441,100,F,,,,61,
PB0441,100,F,,,,62,
PB0441,100,F,,,,63,
PC0244,100,O,1,0,Y,48,
PC0244,100,O,1,0,Y,49,
PC0244,100,O,1,1,Y,50,
PC0244,100,O,1,0,Y,51,
PC0244,100,O,1,1,Y,52,
PC0244,100,O,1,1,Y,53,
PC0244,100,O,3,0,N,54,
PC0244,100,O,4,0,N,55,
PC0244,100,O,4,0,N,56,
PC0244,100,O,4,0,N,57,
PC0244,100,O,4,0,N,58,
PC0244,100,O,4,0,N,59,
PC0244,100,O,4,0,N,60,
PC0244,100,O,4,0,N,61,
PC0244,100,O,4,0,N,62,
PC0244,100,F,,,,63,
PC0210,102,C,,,,54,
PC0210,102,O,1,0,Y,55,
PC0210,102,O,1,0,Y,56,
PC0210,102,O,1,0,Y,57,
PC0210,102,F,,,,58,
PC0210,102,F,,,,59,
PC0210,102,F,,,,60,
PC0210,102,F,,,,61,
PC0210,102,F,,,,62,
PC0210,102,FR,,,,63,
PC0838,47,F,,,,59,DESTROYED
